name,platform,infection channel,payload,memory resident?,file type,file size,date of sample,date of pattern
Trojan.Win64.HAFNIUM.A,Windows," Downloaded from the Internet, Dropped by other malware", Drops files,True, EXE,12288.0, 10 Mar 2021, 11 Mar 2021
PUA.Win64.ProcHack.AC,Windows,Unknown,Unknown,, EXE,1719840.0, 05 Jan 2021,Unknown
Ransom.Win32.DEARCRY.THCABBA,Windows," Downloaded from the Internet, Dropped by other malware"," Drops files, Encrypts files, Displays message/message boxes",False, EXE,1322496.0, 12 Mar 2021, 13 Mar 2021
Trojan.PS1.BOXTER.A,Windows, Downloaded from the Internet, Connects to URLs/IPs,False, PS1,2323.0, 10 Mar 2021, 11 Mar 2021
Ransom.Win32.BABUK.YEBA-THAAEBA,Windows, Downloaded from the Internet," Displays message/message boxes, Encrypts files, Terminates processes",False, EXE,39424.0, 15 Jan 2021, 28 Jan 2021
Ransom.MSIL.THANOS.THABGBA,Windows, Downloaded from the Internet," Displays message/message boxes, Encrypts files, Compromises system security",True, EXE,106496.0, 27 Jan 2021, 02 Mar 2021
Trojan.MacOS.SLISP.A,OSX," Downloaded from the Internet, Dropped by other malware"," Connects to URLs/IPs, Drops files, Steals information",False, Other,54403.0, 22 Feb 2021, 23 Feb 2021
Ransom.Win64.ASTROLOCKER.THCBDBA,Windows, Downloaded from the Internet," Displays message/message boxes, Encrypts files, Disables services",True, DLL,48640.0,Unknown, 24 Mar 2021
Trojan.Win64.COMBACKER.YABA-A,Windows," Downloaded from the Internet, Dropped by other malware", Modifies system registry,False, DLL,464384.0, 26 Jan 2021, 28 Jan 2021
Ransom.MSIL.POVLSOM.THBAOBA,Windows," Downloaded from the Internet, Dropped by other malware"," Displays graphics/image, Displays message/message boxes, Encrypts files",True, EXE,38400.0, 09 Feb 2021, 10 Feb 2021
Trojan.MSIL.SUPERNOVA.A,Windows, Downloaded from the Internet,Unknown,False, DLL,7680.0, 14 Dec 2020, 16 Dec 2020
Backdoor.Win32.DEVILSHADOW.THEAABO,Windows," Dropped by other malware, Downloaded from the Internet"," Drops files, Connects to URLs/IPs, Steals information",False, EXE,14424628.0, 11 May 2020, 12 May 2020
Backdoor.MSIL.BLADABINDI.THA,Windows, Copies itself in archived files," Connects to URLs/IPs, Steals information, Logs keystrokes, Downloads files, Executes files",True, EXE,32768.0, 01 Sep 2020, 02 Sep 2020
IoT.Linux.MIRAI.VWISI,Unix, Downloaded from the Internet," Connects to URLs/IPs, Exploits vulnerabilities",True, ELF,41856.0, 02 Jul 2020, 04 Jul 2020
Backdoor.MSIL.SUNBURST.A,Windows, Downloaded from the Internet," Connects to URLs/IPs, Steals information",True, DLL,1028072.0, 14 Dec 2020, 15 Dec 2020
Trojan.JS.MANAGEX.A,Windows,Unknown,Unknown,False, JS,687512.0, 18 Sep 2019, 25 Sep 2019
Ransom.Win32.BABUK.THAODBA,Windows, Downloaded from the Internet," Encrypts files, Displays message/message boxes",False, EXE,28160.0, 04 Jan 2021, 01 Jan 2021
Ransom.Win32.MAOLOA.THAAHBA,Windows, Downloaded from the Internet," Displays message/message boxes, Deletes files, Encrypts files",True, EXE,1074382.0, 18 Jan 2021, 19 Jan 2021
Trojan.INF.HIDDENTEAR.THAOGBA,Windows, Downloaded from the Internet, Executes files,False, INF,583.0, 07 Jan 2021, 08 Jan 2021
Ransom.MSIL.COBRALOCKER.AA,Windows, Dropped by other malware," Displays message/message boxes, Encrypts files",False," , EXE",47104.0, 08 Jan 2021, 12 Jan 2021
Coinminer.Linux.KERBERDS.A,Linux, Downloaded from the Internet, Connects to URLs/IPs,True, ELF,912264.0, 24 Oct 2019, 25 Oct 2019
Backdoor.MSIL.REMCOS.AOJ,Windows," Dropped by other malware, Downloaded from the Internet, Spammed via email", Connects to URLs/IPs,True, EXE,506880.0, 02 Nov 2019, 22 Nov 2019
Backdoor.Win64.ANCHOR.A,Windows, Downloaded from the Internet, Connects to URLs/IPs,True," , EXE",215040.0, 15 Oct 2019, 15 Oct 2019
Trojan.JS.NODSTER.A,Windows," Downloaded from the Internet, Dropped by other malware"," Connects to URLs/IPs, Downloads files, Displays windows",True, JS,486593.0, 30 Sep 2019, 01 Oct 2019
Rootkit.Linux.SKIDMAP.A,Linux,Unknown,Unknown,True, ELF,272665.0, 04 Sep 2019, 05 Sep 2019
Trojan.JS.KOVCOREG.A,Windows," Dropped by other malware, Downloaded from the Internet"," Connects to URLs/IPs, Downloads files",False," HTML,  HTM, JS",28797.0, 30 Sep 2019, 01 Oct 2019
Trojan.SH.KERBERDS.A,Linux, Downloaded from the Internet, Connects to URLs/IPs,False, Other,3796.0, 24 Oct 2019, 25 Oct 2019
Backdoor.SH.SHELLBOT.AA,"Windows, Unix, Linux"," Downloaded from specific site, Dropped by other malware"," Connects to URLs/IPs, Receive commands",True, Other,47407.0, 19 Dec 2019, 20 Dec 2019
Trojan.PS1.POWLOAD.JKP,Windows," Dropped by other malware, Downloaded from the Internet"," Connects to URLs/IPs, Steals information",False, PS1,10638.0, 10 Mar 2020, 12 Mar 2020
Trojan.Win32.MOOZ.THCCABO,Windows," Downloaded from the Internet, Dropped by other malware"," Connects to URLs/IPs, Steals information, Collects system information",True, EXE,19645440.0, 31 Mar 2020, 01 Apr 2020
Backdoor.Linux.MIRAI.VWIQT,Linux, Downloaded from the Internet," Connects to URLs/IPs, Steals information",False, ELF,43032.0, 08 Jul 2019, 10 Jul 2019
Worm.Win32.BLASQUI.A,Windows," Downloaded from the Internet, Dropped by other malware"," Connects to URLs/IPs, Modifies system registry, Exploits known vulnerabilities, Bruteforce login SQL servers",True, EXE,6192640.0, 27 May 2019, 28 May 2019
Ransom.Win32.DHARMA.THDAAAI,Windows," Downloaded from the Internet, Dropped by other malware"," Terminates processes, Drops files, Displays graphics/image",True, EXE,14767353.0, 11 Apr 2019, 12 Apr 2019
Backdoor.Perl.SHELLBOT.D,"Windows, Unix, Linux", Downloaded from the Internet," Connects to URLs/IPs, Downloads files",True, PL,26696.0, 08 Jul 2019, 10 Jul 2019
Backdoor.Perl.SHELLBOT.AB,"Windows, Unix, Linux", Downloaded from specific site, Connects to URLs/IPs,True, PL,35116.0, 28 May 2019, 29 May 2019
Backdoor.Linux.MIRAI.VWIPT,Linux, Downloaded from the Internet," Connects to URLs/IPs, Steals information",False, ELF,216934.0, 09 May 2019, 11 May 2019
Ransom.MSIL.FREEZING.A,Windows, Downloaded from the Internet," Encrypts files, Displays message/message boxes",False, EXE,88576.0, 27 Jun 2019, 29 Jun 2019
ELF_SETAG.SM,Linux," Via vulnerability(ies), Downloaded from the Internet, Dropped by other malware"," Compromises system security, Connects to URLs/IPs, Steals information",True, ELF,, 09 Mar 2017, 12 Oct 2016
Backdoor.Linux.BASHLITE.SMJC2,Linux," Dropped by other malware, Downloaded from the Internet"," Connects to URLs/IPs, Collects system information, Others",True, ELF,62028.0, 19 Aug 2019, 20 Mar 2019
Coinminer.Win64.MALXMR.TIAOODBZ,Windows, Downloaded from the Internet,Unknown,True, EXE,10487890.0, 11 Sep 2019, 06 Sep 2019
Backdoor.Linux.BASHLITE.SMJC,Linux," Dropped by other malware, Downloaded from the Internet"," Connects to URLs/IPs, Downloads files",False, ELF,82145.0, 06 Aug 2019, 05 Apr 2019
Backdoor.Linux.BASHLITE.AMF,Linux," Dropped by other malware, Downloaded from the Internet"," Connects to URLs/IPs, Compromises system security, Downloads files",False, ELF,138335.0, 25 Mar 2019, 26 Mar 2019
Ransom.Win32.SHADE.THBBGAI,Windows," Dropped by other malware, Downloaded from the Internet"," Connects to URLs/IPs, Sets desktop paper to a specific image, Drops files",True, EXE,1313544.0, 27 Feb 2019, 28 Feb 2019
Trojan.W97M.KERRDOWN.A,Windows," Downloaded from the Internet, Dropped by other malware", Drops files,False,Unknown,958241.0, 05 Mar 2019, 06 Mar 2019
Backdoor.Win32.SLUB.A,Windows," Downloaded from the Internet, Dropped by other malware"," Connects to URLs/IPs, Steals information",False, EXE,856576.0, 25 Feb 2019, 26 Feb 2019
Trojan.PS1.PCASTLE.B,Windows, Downloaded from the Internet," Connects to URLs/IPs, Steals information",False,Unknown,3122543.0, 12 Mar 2019, 06 Apr 2019
AndroidOS_XLoader.HRXD,Android, Downloaded from the Internet,Unknown,,Unknown,,Unknown,Unknown
Backdoor.Win64.CARBANAK.A,Windows," Downloaded from the Internet, Dropped by other malware", Drops files,True, EXE,155136.0, 23 Apr 2019, 24 Apr 2019
Backdoor.Win32.CARBANAK.A,Windows, Downloaded from the Internet,Unknown,True, EXE,150528.0, 23 Apr 2019, 24 Apr 2019
Trojan.Linux.KERBERDS.A,Linux, Downloaded from the Internet," Connects to URLs/IPs, Drops files",True, ELF,2900788.0, 25 Apr 2019, 26 Apr 2019
Backdoor.Linux.MIRAI.AR,Linux,Unknown,Unknown,False, ELF,38464.0, 13 Dec 2018, 14 Dec 2018
Trojan.Win32.TILDEB.A,Windows," Downloaded from the Internet, Dropped by other malware",Unknown,True, EXE,57344.0, 06 Dec 2018, 07 Dec 2018
Trojan.MSIL.BERBOMTHUM.AA,Windows, Dropped by other malware," Connects to URLs/IPs, Steals information",False, EXE,21504.0,Unknown, 28 Nov 2018
Trojan.W97M.POWRUN.AA,Windows, Downloaded from the Internet,Unknown,True, DOC,1167872.0, 23 Nov 2018, 24 Nov 2018
Coinminer.Linux.MALXMR.UWEIS,Linux," Downloaded from the Internet, Dropped by other malware",Unknown,False, ELF,1489384.0, 04 Dec 2018, 05 Dec 2018
Backdoor.Linux.BASHLITE.AMJ,Linux," Dropped by other malware, Downloaded from the Internet"," Connects to URLs/IPs, Exploits vulnerability",False, ELF,119111.0, 01 Aug 2019, 02 Aug 2019
Backdoor.Linux.MIRAI.AS,Linux,Unknown,Unknown,False,Unknown,58512.0, 17 Dec 2018, 18 Dec 2018
Ransom.Win32.SHADE.THBBFAI,Windows," Dropped by other malware, Downloaded from the Internet"," Connects to URLs/IPs, Sets desktop paper to a specific image, Drops files",True, EXE,1254664.0, 26 Feb 2019, 28 Feb 2019
TROJAN.SWF.CVE201815982.AC,Windows," Downloaded from the Internet, Dropped by other malware", Executes files,False, SWF,4178.0, 21 Jan 2019, 22 Jan 2019
Trojan.BAT.BANLOAD.THBAIAI,Windows," Downloaded from the Internet, Dropped by other malware"," Connects to URLs/IPs, Downloads files",False, BAT,627.0, 19 Feb 2019, 20 Feb 2019
COINMINER.WIN32.MALXMR.TIAOODAM,Windows," Dropped by other malware, Downloaded from the Internet"," Connects to URLs/IPs, Downloads files",True, Other,2412544.0, 06 Nov 2018, 07 Nov 2018
TrojanSpy.Win32.TRICKBOT.AK,Windows," Copies itself in all available logical drives, Propagates via shared drives"," Connects to URLs/IPs, Steals information",True, EXE,544768.0, 13 Nov 2018, 15 Nov 2018
BKDR_BINLODR.ZNFJ-A,Windows," Downloaded from the Internet, Dropped by other malware",Unknown,False, DLL,3476480.0, 11 Oct 2018, 17 Oct 2018
Backdoor.Linux.SETAG.RPA,Linux," Downloaded from the Internet, Dropped by other malware"," Drops files, Connects to URLs/IPs, Steals information",False, ELF,1223123.0, 01 Nov 2018, 16 Jul 2019
Backdoor.Win32.REMCOS.TICOGBZ,Windows," Spammed via email, Dropped by other malware, Downloaded from the Internet"," Collects system information, Connects to URLs/IPs, Executes files, Steals information, Creates files, Deletes files, Modifies system registry",True, EXE,1325055.0, 23 Aug 2018, 19 Oct 2018
TROJANSPY.WIN32.GOLROTED.THAOOEAH,Windows," Dropped by other malware, Downloaded from the Internet, Spammed via email"," Connects to URLs/IPs, Steals information, Logs keystrokes, Downloads files",True, EXE,959488.0, 04 Oct 2018, 20 Oct 2018
TSPY_TRICKBOT.THOIBEAI,Windows," Copies itself in all available logical drives, Propagates via shared drives"," Connects to URLs/IPs, Steals information",True, EXE,519149.0, 26 Sep 2018, 27 Sep 2018
Worm.Win32.BLADABINDI.AA,Windows,Unknown,Unknown,False, EXE,1178304.0, 12 Nov 2018, 19 Nov 2018
AndroidOS_FraudBot.OPS,Android OS,Unknown,Unknown,True, APK,2448137.0,Unknown,Unknown
TrojanSpy.Win32.TRICKBOT.AL,Windows," Copies itself in all available logical drives, Propagates via shared drives"," Connects to URLs/IPs, Steals information, Terminates processes",True, EXE,331776.0, 07 Nov 2018, 16 Nov 2018
Ransom.Python.PYLOCKY.B,Windows," Spammed via email, Dropped by other malware, Downloaded from the Internet"," Connects to URLs/IPs, Steals information, Displays message/message boxes, Encrypts files",True, EXE,5524987.0, 03 Sep 2018, 04 Sep 2018
Coinminer.Unix.MALXMR.AA,Linux," Downloaded from the Internet, Dropped by other malware"," Deletes files, Terminates processes, Downloads files, Connects to URLs/IPs",True, Script,5155.0, 19 Sep 2018, 20 Sep 2018
RANSOM_PYLOCKY.A,Windows," Spammed via email, Dropped by other malware, Downloaded from the Internet"," Connects to URLs/IPs, Steals information, Displays message/message boxes, Encrypts files",False, EXE,2402044.0, 03 Aug 2018, 12 Sep 2018
TSPY_URSNIF.AUSIQJ,Windows," Dropped by other malware, Downloaded from the Internet"," Connects to URLs/IPs, Steals information, Compromises system security",True, EXE,753664.0, 21 Sep 2017, 23 Sep 2017
TSPY_BEBLOH.YMNPV,Windows," Dropped by other malware, Downloaded from the Internet"," Connects to URLs/IPs, Downloads files, Drops files",True, EXE,176640.0, 07 Aug 2018, 07 Aug 2018
RANSOM.PYTHON.PYLOCKY.AOKAM,Windows," Spammed via email, Dropped by other malware, Downloaded from the Internet"," Connects to URLs/IPs, Steals information, Displays message/message boxes, Encrypts files",True, EXE,5531464.0, 05 Sep 2018, 24 Oct 2018
Trojan.JS.POWLOAD.AA,Windows," Downloaded from the Internet, Dropped by other malware"," Downloads files, Connects to URLs/IPs",False, JS,1850.0, 19 Sep 2018, 20 Sep 2018
Coinminer.SH.MALXMR.ATNG,Linux, Downloaded from the Internet," Connects to URLs/IPs, Terminates processes",False, Other,2640.0, 09 Oct 2018, 16 Oct 2018
Backdoor.Linux.SETAG.RPB,Linux," Downloaded from the Internet, Dropped by other malware"," Drops files, Connects to URLs/IPs, Steals information",False, ELF,1135000.0, 12 Apr 2018, 16 Jul 2019
Coinminer.SH.MALXMR.ATNE,Linux, Downloaded from the Internet, Connects to URLs/IPs,False, Other,2652.0, 09 Oct 2018, 10 Oct 2018
TROJ_DLOADR.AUSUMQ,Windows, Downloaded from the Internet," Steals information, Terminates processes",True, Other,20636.0, 26 Jul 2018, 28 Jul 2018
HTML_EXPLOIT.YYRV,Windows," Downloaded from the Internet, Dropped by other malware",Unknown,False," HTML,  HTM",22089.0, 14 Sep 2018, 19 Jul 2018
TROJ_MALOAD.QFKG,Windows," Dropped by other malware, Downloaded from the Internet", Connects to URLs/IPs,True, BIN,174976.0, 26 Jul 2018, 27 Jul 2018
TROJ_DLOADR.AUSUMP,Windows, Downloaded from the Internet," Connects to URLs/IPs, Downloads files",True, Other,7768.0, 25 Jul 2018, 27 Jul 2018
UNIX_MIRAI.DLDS,Linux," Dropped by other malware, Downloaded from the Internet", Connects to URLs/IPs,False, Script,368.0, 16 Jul 2018, 17 Jul 2018
RANSOM_PRINCESSLOCKER.B,Windows, Downloaded from the Internet," Connects to URLs/IPs, Launches DoS/DDoS attacks, Displays message/message boxes, Encrypts files",False, EXE,273920.0, 06 Aug 2018, 07 Aug 2018
ELF_MIRAI.LBOUG,Linux," Dropped by other malware, Downloaded from the Internet"," Compromises system security, Connects to URLs/IPs",True, ELF,52280.0, 16 Jul 2018, 19 Jul 2018
TROJ_MALIQY.E,Windows," Dropped by other malware, Downloaded from the Internet"," Connects to URLs/IPs, Displays windows",, Other,239.0, 06 Aug 2018, 07 Aug 2018
BKDR_SETHC.D,Windows," Downloaded from the Internet, Dropped by other malware", Drops files,False, EXE,644816.0, 20 Aug 2018, 21 Aug 2018
TSPY_URSNIF.TIBAIDO,Windows," Dropped by other malware, Downloaded from the Internet"," Connects to URLs/IPs, Steals information, Compromises system security, Displays windows",True, EXE,1441792.0, 07 Aug 2018, 18 Aug 2018
TROJ_KILLMBR.EE,Windows," Dropped by other malware, Downloaded from the Internet", Overwriters Master Boot Record,False, EXE,5410816.0, 28 May 2018, 29 May 2018
COINMINER_COINHIVE.E-JS,Windows," Downloaded from the Internet, Dropped by other malware", Connects to URLs/IPs,False, JS,264632.0, 18 Mar 2018, 28 Mar 2018
ELF_VPNFILT.A,Linux,Unknown,Unknown,True, ELF,493448.0, 25 May 2018, 25 May 2018
ELF_VPNFILT.B,Linux,Unknown,Unknown,True, ELF,296600.0, 25 May 2018, 25 May 2018
ELF_VPNFILT.C,Linux," Dropped by other malware, Downloaded from the Internet"," Steals information, Compromises network security, Terminates processes",True, ELF,37932.0, 08 Jun 2018, 08 Jun 2018
PE_XIAOBAMINER.SM,Windows," Downloaded from the Internet, Dropped by other malware, Via physical/removable drives"," Drops files, Connects to URLs/IPs, Deletes files, Modifies HOSTS file",True, EXE,3152856.0, 06 Apr 2018,Unknown
TROJ_KILLMBR.EG,Windows,Unknown,Unknown,False, EXE,46697.0, 15 Nov 2018, 16 Nov 2018
ELF_VPNFILT.D,Linux, Dropped by other malware," Compromises system security, Steals information",True, ELF,1384168.0, 07 Jun 2018, 08 Jun 2018
BKDR_FLAWEDAMMYY.B,Windows,Unknown,Unknown,True, EXE,667104.0, 08 Jun 2018, 12 Jun 2018
BKDR_FLAWEDAMMYY.DLOADR,Windows,Unknown,Unknown,True, EXE,183264.0, 08 Jun 2018, 09 Jun 2018
OSX64_CVE20175753.POC,Mac OS X," Downloaded from the Internet, Dropped by other malware"," Displays message/message boxes, Exploits vulnerability",True, Mach-O,, 11 Jan 2018, 20 Jan 2018
BKDR_PROTUX.SMZKEB-G,Windows,Unknown, Connects to URLs/IPs,True, EXE,89600.0, 05 Dec 2017, 05 May 2017
ANDROIDOS_CHMINER.A,Android,Unknown,Unknown,True,Unknown,46526.0,Unknown,Unknown
TROJ_OLYMPICDESTROYER.A,Windows, Downloaded from the Internet, Drops files,False, EXE,1861632.0, 09 Feb 2018, 10 Feb 2018
TROJ_CVE20175753.POI,Windows," Downloaded from the Internet, Dropped by other malware"," Displays message/message boxes, Exploits vulnerability",False, EXE,118272.0, 12 Jan 2018, 13 Jan 2018
TROJ_CVE20175753.POH,Windows," Downloaded from the Internet, Dropped by other malware"," Displays message/message boxes, Exploits vulnerability",False, EXE,33396.0, 07 Jan 2018, 10 Jan 2018
TROJ64_CVE20175753.POD,Windows," Downloaded from the Internet, Dropped by other malware"," Displays message/message boxes, Exploits vulnerability",False, EXE,134662.0, 11 Jan 2018, 13 Jan 2018
BKDR_NUKESPED.A,Windows, Dropped by other malware,Unknown,False, EXE,208896.0, 14 Jan 2018, 05 Jan 2018
TROJ_PYEB.A,Windows, Dropped by other malware, Exploits vulnerability,False, PY,25722.0, 27 Jul 2017, 13 Oct 2017
RANSOM_LOCKY.TIAOKAI,Windows, Downloaded from the Internet," Encrypts files, Displays message/message boxes",False, EXE,231424.0, 10 Mar 2018, 13 Mar 2018
ELF64_CVE20175753.POD,Linux," Downloaded from the Internet, Dropped by other malware"," Displays message/message boxes, Exploits vulnerability",True, ELF,13416.0, 07 Jan 2018, 24 Jan 2018
TROJ_KILLDISK.IUB,Windows," Dropped by other malware, Downloaded from the Internet"," Wipes MBR data, Terminates processes, Restarts system",True, EXE,61440.0, 10 Jan 2018, 12 Jan 2018
ELF64_CVE20175753.POC,Linux," Downloaded from the Internet, Dropped by other malware"," Displays message/message boxes, Exploits vulnerability",True, ELF,13440.0, 07 Jan 2018, 20 Jan 2018
TROJ_CVE20175753.POE,Windows," Downloaded from the Internet, Dropped by other malware"," Displays message/message boxes, Exploits vulnerability",True,Unknown,118272.0, 12 Jan 2018, 24 Jan 2018
TROJ64_CVE20175754.POC,Windows," Downloaded from the Internet, Dropped by other malware", Exploits vulnerability,False, EXE,216576.0, 17 Jan 2018, 19 Jan 2018
TROJ64_CVE20175753.POC,Windows," Dropped by other malware, Downloaded from the Internet", Exploits vulnerabilities,False, EXE,212480.0, 06 Jan 2018, 07 Jan 2018
TROJ_CVE20175753.POD,Windows," Downloaded from the Internet, Dropped by other malware"," Displays message/message boxes, Exploits vulnerability",True, EXE,479232.0, 12 Jan 2018, 20 Jan 2018
TROJ_CVE20175753.POF,Windows," Downloaded from the Internet, Dropped by other malware", Exploits vulnerability,False, EXE,104448.0, 09 Jan 2018, 10 Jan 2018
TROJ64_CVE20175753.POE,Windows," Downloaded from the Internet, Dropped by other malware"," Displays message/message boxes, Exploits vulnerability",False, EXE,135249.0, 10 Jan 2018, 11 Jan 2018
TROJ_CVE20175753.POG,Windows," Downloaded from the Internet, Dropped by other malware"," Displays message/message boxes, Exploits vulnerability",False, EXE,70600.0, 09 Jan 2018, 10 Jan 2018
RANSOM_BADRABBIT.A,Windows," Dropped by other malware, Downloaded from the Internet"," Encrypts files, Drops files, Displays message/message boxes, Restarts system",True, EXE,441899.0, 24 Oct 2017, 25 Oct 2017
TROJ_HWDOOR.A,Windows," Dropped by other malware, Downloaded from the Internet", Connects to URLs/IPs,False, DLL,133120.0, 29 Sep 2017,Unknown
RANSOM_BADRABBIT.SMA,Windows," Dropped by other malware, Downloaded from the Internet"," Encrypts files, Drops files, Displays message/message boxes, Restarts system",True, EXE,441899.0, 24 Oct 2017, 25 Oct 2017
TROJ_MALEPS.B,Windows," Downloaded from the Internet, Dropped by other malware", Drops files,False, Other,379392.0, 06 Jul 2017, 07 Jul 2017
WORM_RETADUP.D,Windows, Dropped by other malware, Creates files,False, AU3,3856.0, 13 Jul 2017, 14 Jul 2017
RANSOM_CRYPTOQKG.A,Windows, Spammed via email, Encrypts files,False,Unknown,58880.0, 15 Nov 2017,Unknown
TROJ_DIGMINEIN.A,Windows, Downloaded from the Internet," Connects to URLs/IPs, Downloads files",False, EXE,974336.0, 19 Dec 2017, 23 Dec 2017
ANDROIDOS_STEALERC32,Android,Unknown,Unknown,True,Unknown,3940904.0,Unknown,Unknown
BKDR_FORSHARE.A,Windows,Unknown," Connects to URLs/IPs, Downloads files, Terminates processes",True, DLL,83459.0, 03 Aug 2017, 05 Aug 2017
BKDR_ANDROM.ETIN,Fileless," Dropped by other malware, Downloaded from the Internet"," Connects to URLs/IPs, Terminates processes, Collects system information",True, DLL,257024.0, 20 Jul 2017, 22 Jul 2017
TROJ_HWDOOR.B,Windows," Dropped by other malware, Downloaded from the Internet", Connects to URLs/IPs,False, EXE,801280.0, 02 Jul 2017,Unknown
TROJ64_COINMINER.QO,Windows, Downloaded from the Internet, Connects to URLs/IPs,False, EXE,541632.0, 22 Jul 2017, 03 Aug 2017
TROJ_SHARIK.VDA,Windows," Downloaded from the Internet, Dropped by other malware", Connects to URLs/IPs,True, EXE,72192.0, 19 Dec 2016,Unknown
TSPY_EMOTET.AUSJLA,Windows, Downloaded from the Internet," Downloads files, Steals information",True, EXE,249856.0, 24 Aug 2017, 25 Aug 2017
JS_POWMET.DE,Fileless," Downloaded from the Internet, Dropped by other malware"," Connects to URLs/IPs, Downloads files, Executes files",False," XML, Script",6592.0, 13 Jul 2017, 15 Jul 2017
TSPY_EMOTET.AUSJKW,Windows," Downloaded from the Internet, Dropped by other malware"," Connects to URLs/IPs, Downloads files",True, EXE,209408.0, 17 Aug 2017, 18 Aug 2017
TROJ_PSINJECT.A,Fileless," Dropped by other malware, Downloaded from the Internet"," Connects to URLs/IPs, Downloads files",True, PS1,28735.0, 29 Jun 2017, 30 Jun 2017
TSPY_EMOTET.AUSJKV,Windows," Downloaded from the Internet, Dropped by other malware", Downloads files,True, EXE,86016.0, 15 Aug 2017, 17 Aug 2017
TROJ_ANDROM.SVN,Windows," Downloaded from the Internet, Dropped by other malware",Unknown,,Unknown,,Unknown, 10 Aug 2017
TSPY_EMOTET.SMD3,Windows," Downloaded from the Internet, Dropped by other malware, Spammed via email"," Connects to URLs/IPs, Downloads files",True, EXE,209408.0, 17 Aug 2017, 18 Aug 2017
WORM_RETADUP.A,Windows," Dropped by other malware, Downloaded from the Internet"," Steals information, Drops files, Downloads files, Collects system information, Logs keystrokes",False, AU3,799980.0, 27 Jun 2017, 29 Jun 2017
ANDROIDOS_SLOCKER.AXBP,Android,Unknown, Locks mobile device,True, APK,38446.0,Unknown,Unknown
OSX_DOK.C,Mac OS X," Downloaded from the Internet, Dropped by other malware", Displays graphics/image,True, Mach-O,38864.0, 26 May 2017, 13 Jun 2017
RANSOM_PETYA.SMA,Windows," Dropped by other malware, Downloaded from the Internet"," Steals information, Encrypts files",True, DLL,362360.0, 27 Jun 2017, 29 Jun 2017
RANSOM_SOREBRECT.B,Windows," Downloaded from the Internet, Dropped by other malware", Encrypts files,True, EXE,31232.0, 19 Apr 2017, 11 Apr 2017
ANDROIDOS_GHOSTCTRL.OPS,Android,Unknown,Unknown,,Unknown,,Unknown,Unknown
ANDROIDOS_LEAKERLOCKER.HRX,AndroidOS,Unknown,Unknown,True, APK,3884924.0, 28 Jun 2017,Unknown
ELF_SHELLBIND.A,Linux," Dropped by other malware, Downloaded from the Internet", Connects to URLs/IPs,True, ELF,70648.0, 04 Jul 2017, 05 Jul 2017
RANSOM_ELFEREBUS.A,Linux," Dropped by other malware, Downloaded from the Internet"," Connects to URLs/IPs, Steals information, Encrypts files",True, ELF,429144.0, 13 Jun 2017, 15 Jun 2017
JAVA_ADWIND.BG,Windows,Unknown,Unknown,True, JAR,577317.0, 23 Aug 2017, 01 Sep 2017
TROJ_CVE20170199.D,Windows," Spammed via email, Downloaded from the Internet", Connects to URLs/IPs,False, RTF,37510.0, 11 Apr 2017, 13 Apr 2017
TROJ_ETERNALROM.A,Windows, Downloaded from the Internet, Displays message/message boxes,False, EXE,69632.0, 14 Apr 2017, 15 Apr 2017
ELF_SHISHIGA.A,Linux," Dropped by other malware, Downloaded from the Internet"," Steals information, Connects to URLs/IPs, Drops files",True, ELF,472140.0, 01 May 2017, 02 May 2017
TROJ_EQUATED.G,Windows," Downloaded from the Internet, Dropped by other malware"," Terminates processes, Steals information",False," EXE, HTA, PY",, 14 Apr 2017, 16 Apr 2017
TROJ_EDUSCHO.A,Windows, Downloaded from the Internet,Unknown,False, EXE,22016.0, 15 Apr 2017, 15 Apr 2017
TROJ_POWHOV.A,Windows," Downloaded from the Internet, Dropped by other malware"," Connects to URLs/IPs, Downloads files",False," PPT, PPTX",34650.0, 29 May 2017, 07 Jun 2017
RANSOM_UIWIX.A,Windows, Downloaded from the Internet," Modifies files, Connects to URLs/IPs, Displays message/message boxes",True, DLL,216840.0, 16 May 2017, 17 May 2017
RANSOM_SOREBRECT.A,Windows," Dropped by other malware, Downloaded from the Internet"," Drops files, Connects to URLs/IPs, Encrypts files",,Unknown,,Unknown, 11 Apr 2017
Ransom_WCRY.SM,Windows, Downloaded from the Internet, Modifies files,True, EXE,3514368.0, 12 May 2017, 13 May 2017
RANSOM_WANA.A,Windows, Downloaded from the Internet, Modifies files,True, EXE,3514368.0, 12 May 2017, 13 May 2017
RANSOM_YUHAK.A,Windows," Downloaded from the Internet, Dropped by other malware"," Truncates files, Terminates processes",True, EXE,258048.0, 24 Jan 2017, 25 Jan 2017
RANSOM_SPORA.B,Windows," Downloaded from the Internet, Dropped by other malware"," Drops files, Encrypts files, Displays message/message boxes",False, EXE,24576.0, 11 Jan 2017, 12 Jan 2017
RANSOM_EXMAS.E,Windows," Downloaded from the Internet, Via email"," Encrypts files, Drops files",False, EXE,259980.0, 04 Jan 2017, 05 Jan 2017
RANSOM_NETIX.A,Windows," Dropped by other malware, Downloaded from the Internet"," Encrypts files, Drops files, Renames files",False, EXE,133632.0, 25 Jan 2017, 26 Jan 2017
RANSOM_EXMAS.B,Windows," Downloaded from the Internet, Via email"," Encrypts files, Drops files",False, EXE,690576.0, 09 Jan 2017, 10 Jan 2017
ELF_IMEIJ.A,LINUX ARM, Downloaded from the Internet, Connects to URLs/IPs,True, ELF,676245.0, 28 Feb 2017, 01 Mar 2017
TROJ_CVE20170199.E,Windows," Downloaded from the Internet, Via email"," Connects to URLs/IPs, Displays message/message boxes",False, RTF,37519.0, 11 Apr 2017, 15 Apr 2017
TROJ_CVE20170199.A,Windows," Downloaded from the Internet, Via email"," Connects to URLs/IPs, Displays message/message boxes",False, RTF,37517.0, 11 Apr 2017, 13 Apr 2017
TROJ_CVE20170199.G,Windows," Spammed via email, Downloaded from the Internet", Connects to URLs/IPs,False, RTF,37523.0, 10 Apr 2017, 13 Apr 2017
TROJ_CVE20170199.JEJOVK,Windows," Downloaded from the Internet, Via email"," Connects to URLs/IPs, Displays message/message boxes",False, RTF,6215.0, 27 Jun 2017, 30 Jun 2017
RANSOM_HIDDENTEARSHADOW.A,Windows, Downloaded from the Internet, Encrypts files,True, EXE,229376.0, 09 Oct 2016, 11 Oct 2016
RANSOM_CRYPRAAS.B,Linux," Dropped by other malware, Downloaded from the Internet", Encrypts files,False, ELF,161992.0, 02 Jul 2016, 02 Jul 2016
RANSOM_ENIGMA.B,Windows," Downloaded from the Internet, Dropped by other malware"," Encrypts files, Connects to URLs/IPs",False, EXE,260608.0, 17 Oct 2016, 18 Oct 2016
RANSOM_SHOR7CUT.A,Windows, Downloaded from the Internet," Encrypts files, Displays message/message boxes",False, Script,6062.0, 20 Oct 2016, 21 Oct 2016
RANSOM_ALCATRAZ.A,Windows," Dropped by other malware, Downloaded from the Internet"," Encrypts files, Connects to URLs/IPs, Displays message/message boxes",False, EXE,117760.0, 31 Oct 2016, 01 Nov 2016
RANSOM_HAPPYLOCKER.A,Windows," Dropped by other malware, Downloaded from the Internet"," Encrypts files, Renames files, , Drops files",False, EXE,823808.0, 16 Nov 2016, 17 Nov 2016
RANSOM_CRYPTOLUCK.A,Windows, Downloaded from the Internet, Encrypts Files,,Unknown,,Unknown, 17 Nov 2016
RANSOM_ENIGMA.A,Windows," Downloaded from the Internet, Dropped by other malware"," Encrypts files, Deletes files, Connects to URLs/IPs",True, EXE,536576.0, 19 May 2016, 20 May 2016
RANSOM_GOLDENEYE.B,Windows, Dropped by other malware," Encrypts files, Drops files",True, EXE,260608.0, 07 Dec 2016, 08 Dec 2016
RANSOM_HPCERBER.SM6,Windows, Downloaded from the Internet," Encrypts files, Displays message/message boxes, Displays graphics/image",True, EXE,237183.0, 04 Nov 2016, 10 Nov 2016
RANSOM_JSRAA.D,Windows, Via email," Encrypts files, Displays message/message boxes",, JS,158610.0, 18 Jul 2016, 19 Jul 2016
RANSOM_CRYPBEE.A,Windows, Downloaded from the Internet," Connects to URLs/IPs, Displays message/message boxes, Encrypts files",True, EXE,430080.0, 25 Jul 2016, 10 Aug 2016
OSX_MOKES.A,Mac OS X," Downloaded from the Internet, Dropped by other malware"," Connects to URLs/IPs, Compromises system security",True, Mach-O,14371256.0, 08 Sep 2016, 09 Sep 2016
RANSOM_MILICRY.A,Windows," Downloaded from the Internet, Dropped by other malware"," Connects to URLs/IPs, Encrypts files, Displays message/message boxes",False, EXE,118784.0, 01 Sep 2016, 02 Sep 2016
RANSOM_STAMPADO.A,Windows, Downloaded from the Internet," Connects to URLs/IPs, Encrypts files, Displays message/message boxes",True, EXE,886273.0, 21 Jul 2016, 22 Jul 2016
RANSOM_CRYPMIC.A ,Windows, Downloaded from the Internet," Connects to URLs/IPs, Encrypts files, Displays message/message boxes",True, DLL,254976.0, 07 Jul 2016, 07 Jul 2016
RANSOM_HDDCRYPTOR.F,Windows," Downloaded from the Internet, Dropped by other malware"," Encrypts files, Drops files, Displays graphics/image",True, EXE,2569216.0, 17 Oct 2016, 08 Sep 2016
RANSOM_MIRCOP.F116IL,Windows, Downloaded from the Internet," Displays message/message boxes, Encrypts files",True, EXE,858398.0, 22 Sep 2016, 22 Sep 2016
RANSOM_HDDCRYPTOR.A,Windows," Downloaded from the Internet, Dropped by other malware"," Encrypts files, Drops files, Displays graphics/image",True, EXE,2415104.0, 07 Sep 2016, 08 Sep 2016
RANSOM_POGOTEAR.A,Windows," Downloaded from the Internet, Propagates via removable drives, Propagates via network shares"," Connects to URLs/IPs, Encrypts files, , Terminates processes",True, EXE,638464.0, 13 Aug 2016, 16 Aug 2016
RANSOM_JIGSAW.H,Windows, Downloaded from the Internet," Encrypts files, Displays message/message boxes",False, EXE,605184.0, 07 Jun 2016, 08 Jun 2016
RANSOM_TAKALOCKER.A,Windows, Downloaded from the Internet," Encrypts files, Displays message/message boxes",True," , EXE",113152.0, 08 May 2016, 13 May 2016
TSPY_TOXIFBNKR.A,Windows, Downloaded from the Internet,Unknown,False, EXE,1327104.0, 13 May 2016, 15 May 2016
RANSOM_ZCRYPT.A,Windows," Downloaded from the Internet, Propagates via removable drives"," Connects to URLs/IPs, Encrypts files, , Displays message/message boxes",True, EXE,809984.0, 24 May 2016, 25 May 2016
RANSOM_WALTRIX.C,Windows, Downloaded from the Internet," Connects to URLs/IPs, Encrypts files, Terminates processes, Displays message/message boxes",True, DLL,311296.0, 10 May 2016, 11 May 2016
RANSOM_JIGSAW.I,Windows, Downloaded from the Internet," Encrypts files, Displays message/message boxes",True, EXE,614912.0, 10 Jun 2016, 11 Jun 2016
TSPY_BRUTER.A,Windows," Downloaded from the Internet, Dropped by other malware", Drops files,True, EXE,45056.0, 17 May 2016, 18 May 2016
RANSOM_JSRAA.A,Windows, Via email," Encrypts files, Displays message/message boxes",True, JS,572952.0, 14 Jun 2016, 15 Jun 2016
RANSOM_MIRCOP.A,Windows, Spammed via email," Connects to URLs/IPs, Steals information, Encrypts files, Displays message/message boxes",True, EXE,1363285.0, 22 Jun 2016, 24 Jun 2016
RANSOM_JOKOZY.A,Windows," Downloaded from the Internet, Dropped by other malware"," Drops files, Encrypts files",True, EXE,143872.0, 21 Jun 2016, 22 Jun 2016
RANSOM_CRYPSAM.C,Windows," Downloaded from the Internet, Dropped by other malware"," Encrypts files, Drops files",False, EXE,217600.0, 27 Feb 2016, 28 Feb 2016
RANSOM_LOCKY.PUY,Windows," Downloaded from the Internet, Dropped by other malware"," Connects to URLs/IPs, Encrypts files, Displays graphics/image",True, EXE,200704.0, 07 Apr 2016, 25 Mar 2016
RANSOM_PETYA.D,Windows, Downloaded from the Internet," Encrypts files, Overwrites MBR",True, DLL,48128.0, 25 Mar 2016,Unknown
RANSOM_PETYA.A,Windows, Downloaded from the Internet," Encrypts files, Overwrites MBR",True, EXE,246784.0, 24 Mar 2016, 26 Mar 2016
RANSOM_CRYPSAM.B,Windows," Downloaded from the Internet, Dropped by other malware"," Encrypts files, Drops files",False, EXE,218624.0, 22 Feb 2016, 23 Feb 2016
RANSOM_JIGSAW.A ,Windows," Downloaded from the Internet, Dropped by other malware"," Encrypts files, Displays message/message boxes",True, EXE,246272.0, 11 Apr 2016, 12 Apr 2016
IOS_INSTASTEALER.A,iOS,Unknown, Steals information,True, Other,8862954.0, 25 Mar 2016,Unknown
RANSOM_SHUJIN.A,Windows, Downloaded from the Internet," Encrypts files, Displays message/message boxes",False, EXE,41088.0, 10 May 2016, 11 May 2016
PDF_FAREIT.BYX,Windows," Spammed via email, Downloaded from the Internet", Downloads files,False, PDF,, 19 Apr 2016, 20 Apr 2016
TROJ_LOCKY.DLDRA,Windows, Downloaded from the Internet," Connects to URLs/IPs, Downloads files",False, EXE,36352.0, 13 Apr 2016,Unknown
TROJ_KILLDISK.C,Windows," Downloaded from the Internet, Dropped by other malware",Unknown,True, EXE,90112.0, 06 Jan 2016, 07 Jan 2016
ELF64_KAITEN.AA,Linux," Downloaded from the Internet, Dropped by other malware"," Connects to URLs/IPs, Compromises system security",True, ELF,31816.0, 21 Feb 2016,Unknown
BKDR_MISDAT.AC,Windows, Downloaded from the Internet, Connects to URLs/IPs,True,Unknown,43008.0, 04 Dec 2011, 26 Feb 2016
RANSOM_CERBER.A,Windows, Downloaded from the Internet, Encrypts files,True, EXE,, 03 Mar 2016, 04 Mar 2016
RTKT64_BLACKEN.C,Windows," Downloaded from the Internet, Dropped by other malware"," Downloads files, Steals information",True,Unknown,62464.0, 28 Jul 2015,Unknown
RANSOM_EDGELOCKER.A,Windows," Downloaded from the Internet, Dropped by other malware"," Encrypts files, Renames files, Connects to URLs/IPs,",False, EXE,593408.0, 01 Mar 2017, 01 Jan 2017
RANSOM_MADLOCKER.B,Windows," Dropped by other malware, Downloaded from the Internet"," Encrypts files, Terminates processes",True, EXE,97824.0, 16 Jan 2016, 06 Feb 2016
RANSOM_KERANGER.A,OSX," Downloaded from the Internet, Dropped by other malware", Encrypts files,True, Mach-O,1269584.0,Unknown,Unknown
RANSOM_MAKTUB.A,Windows, Downloaded from the Internet," Modifies files, Encrypts files",True, EXE,235008.0, 21 Mar 2016, 22 Mar 2016
RANSOM_MAKTUB,Windows, Downloaded from the Internet," Modifies files, Encrypts files",True, EXE,, 21 Mar 2016, 22 Mar 2016
RANSOM_MEMEKAP.A,Windows, Downloaded from the Internet," Drops files, Encrypts files",False, EXE,26624.0, 25 Jan 2016, 26 Jan 2016
BKDR_BLACKEN.B,Windows, Dropped by other malware," Connects to URLs/IPs, Compromises system security",True, EXE,55808.0, 05 Jan 2016, 06 Jan 2016
RANSOM_CRYPTRITU.A,Windows," Downloaded from the Internet, Dropped by other malware"," Connects to URLs/IPs, Compromises system security, Encrypts files",False, EXE,23530786.0, 04 Feb 2016,Unknown
TSPY_DRIDEX.SPB,Windows, Downloaded from the Internet," Connects to URLs/IPs, Steals information",True, EXE,293888.0, 20 Nov 2015, 18 Nov 2015
TSPY_DRIDEX.YJL,Windows," Downloaded from the Internet, Dropped by other malware"," Compromises system security, Steals information",True,Unknown,335360.0, 18 Nov 2015, 18 Nov 2015
RANSOM_CRYPTESLA.YYSIX,Windows, Downloaded from the Internet," Connects to URLs/IPs, Displays message/message boxes, Encrypts files, Steals information",True, EXE,344064.0, 08 Dec 2015, 09 Dec 2015
BKDR_BLACKEN.C,Windows, Dropped by other malware," Connects to URLs/IPs, Compromises system security",True, EXE,110592.0, 20 Jan 2016,Unknown
TROJ_KILLDISK.X,Windows," Downloaded from the Internet, Dropped by other malware"," Terminates processes, Corrupts hard disk, Restarts system, Deletes files",True, EXE,98304.0, 01 Jan 2016, 02 Jan 2016
RTKT_BLACKEN.C,Windows," Downloaded from the Internet, Dropped by other malware"," Downloads files, Steals information",True,Unknown,62464.0, 28 Jul 2015,Unknown
RANSOM_CRYPCHIM.A,Windows," Downloaded from the Internet, Dropped by other malware"," Encrypts files, Compromises system security",True, EXE,230400.0, 22 Sep 2015,Unknown
ANDROIDOS_WORMHOLE.HRXA,Android OS,Unknown," Compromises system security, Steals information",True, APK,1861946.0,Unknown,Unknown
ELF_XORDDOS.AP,"Unix, Linux", Downloaded from the Internet," Downloads files, Hides files and processes, Launches DoS/DDoS attacks, Compromises network security",True, ELF,617715.0, 26 Sep 2015, 02 Oct 2015
TSPY_ROVNIX.YPOB,Windows," Dropped by other malware, Downloaded from the Internet"," Steals information, Downloads files",True, EXE,495616.0, 24 Sep 2015, 26 Sep 2015
TROJ_GREENDISPENSER.A,Windows," Downloaded from the Internet, Dropped by other malware",Unknown,True, EXE,399360.0, 28 Sep 2015, 29 Sep 2015
BKDR_KASIDET.XXRO,Windows," Downloaded from the Internet, Dropped by other malware"," Steals information, Displays message/message boxes, Compromises system security",True, EXE,129024.0, 29 Oct 2015,Unknown
BKDR_ALINA.POSKAT,Windows," Downloaded from the Internet, Dropped by other malware"," Connects to URLs/IPs, Downloads files",False, EXE,303616.0, 24 Sep 2015, 25 Sep 2015
BKDR_CENTERPOS.A,Windows, Downloaded from the Internet, Steals information,True,Unknown,71168.0, 05 Sep 2015,Unknown
X2KM_DRIDEX.AT,Windows," Spammed via email, Downloaded from the Internet, Dropped by other malware", Downloads files,False, XLS,97280.0, 13 Nov 2015, 14 Nov 2015
W2KM_DRIDEX.YYSPB,Windows," Dropped by other malware, Downloaded from the Internet", Downloads files,, DOC,, 23 Nov 2015, 24 Nov 2015
X2KM_DRIDEX.YJQ,Windows," Spammed via email, Downloaded from the Internet"," Connects to URLs/IPs, Downloads files",False, XLS,102912.0, 18 Nov 2015, 19 Nov 2015
BKDR_CARBANAK.C,Windows," Dropped by other malware, Downloaded from the Internet"," Compromises system security, Connects to URLs/IPs, Gathers system information",True, EXE,175016.0, 29 Aug 2015,Unknown
BKDR_CARBANAK.B,Windows, Dropped by other malware," Connects to URLs/IPs, Compromises system security",False, EXE,186880.0, 19 Mar 2015,Unknown
ELF_DDOSTK.A,"Linux, UNIX"," Downloaded from the Internet, Dropped by other malware", Launches denial of service attacks,True, ELF,9007.0, 06 Aug 2015, 06 Aug 2015
ANDROIDOS_MSGCRACK.A,Android OS,Unknown,Unknown,,Unknown,,Unknown,Unknown
BKDR_EMDIVI.ZJCH-A,Windows," Downloaded from the Internet, Dropped by other malware"," Connects to URLs/IPs, Collects system information, Compromises system security",True, None,250702.0, 24 Jul 2015, 19 Aug 2015
ANDROIDOS_MSGDOS.A,Android OS,Unknown,Unknown,,Unknown,,Unknown,Unknown
TSPY_SHIZ.MJSU,Windows,Unknown,Unknown,True, EXE,356352.0, 18 Aug 2015, 22 Aug 2015
BKDR_KASIDET.FD,Windows, Via email," Steals information, Compromises system security, Displays message boxes, Connects to URLs/IPs",True, EXE,212623.0, 24 Aug 2015,Unknown
WORM_KASIDET.SC,Windows," Downloaded from the Internet, Dropped by other malware, Propagates via network shares, Propagates via removable drives"," Steals information, Compromises system security",True, EXE,960512.0, 27 Aug 2015,Unknown
WORM_KASIDET.NM,Windows," Downloaded from the Internet, Dropped by other malware, Propagates via removable drives"," Displays message box, Compromises system security, Steals information, Connects to URLs/IPs",True, EXE,129817.0, 09 Jun 2015, 10 Jun 2015
JAVA_DLOADR.EFD,Windows," Dropped by other malware, Downloaded from the Internet", Downloads files,True, Java Class,5667.0, 13 Jul 2015, 14 Jul 2015
SWF_CVE20155122.A,Windows, Downloaded from the Internet, Downloads files,False, SWF,34898.0, 15 Jul 2015, 16 Jul 2015
TROJ_FLASHUP.B,Windows, Dropped by other malware, Connects to URLs/IPs,True, DLL,129536.0, 07 Jul 2015,Unknown
RANSOM_CRYPRAAS.SM,Windows," Dropped by other malware, Downloaded from the Internet"," Encrypts files, Steals information",False, EXE,203264.0, 03 Aug 2015, 05 Aug 2015
BKDR_POISON.TUFW,Windows, Downloaded from the Internet, Connects to URLs/IPs,True, EXE,61440.0, 15 Jul 2015, 16 Jul 2015
TROJ_RECOLOAD.A,Windows, Downloaded from the Internet, Downloads files,True, EXE,47628.0, 06 Jul 2015,Unknown
TROJ_DROPPR.CXC ,Windows," Downloaded from the Internet, Dropped by other malware", Drops files,True, EXE,1619968.0, 11 Jul 2015, 12 Jul 2015
ANDROIDOS_HTBENEWS.A,Android, Via app stores, Compromises system security,True,Unknown,,Unknown,Unknown
TROJ_CRYPLOCK.XW,Windows," Downloaded from the Internet, Dropped by other malware"," Connects to URLs/IPs, Steals information,  Encrypts files",True, EXE,423964.0, 22 Jul 2015,Unknown
DDOS_TKEY.A,Windows," Downloaded from the Internet, Dropped by other malware", Launches denial of service attacks,True, EXE,10752.0, 06 Aug 2015,Unknown
BKDR_LISUIFE.B,Windows," Downloaded from the Internet, Dropped by other malware", Connects to URLs/IPs,False, EXE,1062912.0, 25 Jun 2015, 25 Jun 2015
TSPY_TINBA.WRSA,Windows, Downloaded from the Internet, Steals information,True, EXE,117248.0, 26 Jun 2015, 27 Jun 2015
BKDR_LISUIFE.A,Windows," Downloaded from the Internet, Dropped by other malware", Connects to URLs/IPs,False, DLL,1048064.0, 30 Apr 2015, 01 May 2015
TROJ_GATAK.SMJV,Windows," Downloaded from the Internet, Dropped by other malware"," Connects to URLs/IPs, Steals information, Downloads files",True, EXE,475136.0, 27 May 2015,Unknown
TSPY_POSPUNK.A,Windows," Downloaded from the Internet, Dropped by other malware"," Connects to URLs/IPs, Steals information, Compromises system security",True, EXE,459264.0, 16 Apr 2015, 17 Apr 2015
SWF_EXPLOIT.MJTE,Windows, Downloaded from the Internet,Unknown,False, SWF,19007.0, 16 Jun 2015, 17 Jun 2015
SWF_EXPLOYT.YYKI,Windows, Downloaded from the Internet, Downloads files,False, SWF,7783.0, 07 Jul 2015, 07 Jul 2015
TROJ_NETISON.AB,Windows, Downloaded from the Internet, Downloads files,True, EXE,1271808.0, 07 Jul 2015,Unknown
TROJ_CRYPWALL.XXTXM,Windows, Downloaded from the Internet," Connects to URLs/IPs, Encrypts files",True, EXE,229376.0, 08 Jul 2015, 10 Jul 2015
TROJ_FLASHUP.A,Windows,Unknown,Unknown,False, EXE,76288.0, 08 Jul 2015,Unknown
TROJ_CRYPTESLA.CAG,Windows," Downloaded from the Internet, Dropped by other malware"," Encrypts files, Connects to URLs/IPs",True, EXE,332313.0, 18 Mar 2015, 26 Mar 2015
BKDR_SIMDA.SMEP2,Windows," Spammed via email, Downloaded from the Internet, Dropped by other malware"," Modifies HOSTS file, Connects to URLs/IPs, Steals information",True, EXE,643072.0, 17 Mar 2015,Unknown
VBS_KJWORM.SMA,Windows," Dropped by other malware, Downloaded from the Internet"," Connects to URLs/IPs, Drops files, Compromises system security",True, VBS,8033.0,Unknown, 26 Feb 2015
W2KM_BARTALEX.SMA,Windows, Spammed via email," Connects to URLs/IPs, Downloads files",False, DOC,196608.0, 22 Apr 2015, 23 Apr 2015
BKDR_SIMDA.SMEP,Windows," Spammed via email, Downloaded from the Internet, Dropped by other malware"," Modifies HOSTS file, Connects to URLs/IPs, Steals information",True, EXE,, 06 Mar 2015, 06 Mar 2015
BKDR_ROMBERTIK.A,Windows, Spammed via email," Connects to URLs/IPs, Drops files",True, EXE,1294848.0, 12 Jan 2015, 13 Jan 2015
TROJ_WERDLOD.D,Windows," Spammed via email, Downloaded from the Internet, Dropped by other malware"," Closes windows, Downloads files",False, EXE,200297.0, 13 Feb 2015, 21 Feb 2015
TROJ_KILIM.EFLD,Windows," Downloaded from the Internet, Dropped by other malware"," Connects to URLs/IPs, Downloads files",True, EXE,419840.0, 14 May 2015, 11 May 2015
TSPY_POSPUNK.B,Windows, Downloaded from the Internet, Connects to URLs/IPs,True, EXE,370208.0, 09 Jun 2015, 10 Jun 2015
TSPY_DYRE.IK,Windows," Downloaded from the Internet, Dropped by other malware"," Connects to URLs/IPs, Steals information",True, EXE,487424.0, 28 Apr 2015, 30 Apr 2015
TSPY_FAREIT.YOI,Windows," Downloaded from the Internet, Dropped by other malware", Steals information,False, EXE,92160.0, 17 Mar 2015, 18 Mar 2015
SWF_EXPLOIT.OJF,Windows, Downloaded from the Internet,Unknown,True, SWF,12765.0, 19 Mar 2015, 20 Mar 2015
TROJ_CRYPWAL.YOI,Windows," Downloaded from the Internet, Dropped by other malware"," Encrypts files, Connects to URLs/IPs, Compromises system security, Displays message/message boxes",True, EXE,135680.0, 13 Mar 2015, 14 Mar 2015
TSPY_POSNEWT.SM,Windows, Downloaded from the Internet," Connects to URLs/IPs, Downloads files",True, EXE,231424.0, 26 Feb 2015, 27 Feb 2015
W2KM_BARTALEX.EU,Windows, Via email," Connects to URLs/IPs, Downloads files",False, DOC,76800.0, 02 Mar 2015, 28 Feb 2015
ANDROIDOS_ADMDASH.HRX,Android, Via app stores,Unknown,True, APK,4167825.0, 15 Aug 2014,Unknown
JS_DLOADE.XXPU,Windows,Unknown,Unknown,False, JS,6606.0, 13 Mar 2015, 13 Mar 2015
TROJ_LAZIOK.B,Windows," Downloaded from the Internet, Dropped by other malware"," Collects system information, Connects to URLs/IPs, Steals information",True, EXE,324608.0, 03 Mar 2015, 03 Mar 2015
BAT_CRYPVAULT.A,Windows, Dropped by other malware," Connects to URLs/IPs, Steals information, Encrypts files, Displays message/message boxes, Displays graphics/image",False,Unknown,, 24 Mar 2015, 25 Mar 2015
TROJ_LAZIOK.D,Windows," Downloaded from the Internet, Dropped by other malware"," Collects system information, Connects to URLs/IPs, Steals information, Downloads files",True, EXE,108032.0, 27 Feb 2015, 27 Feb 2015
SWF_EXPLOIT.MJST,Windows, Downloaded from the Internet,Unknown,True, SWF,29431.0, 01 Feb 2015, 02 Feb 2015
BKDR_CARBANAK.A,Windows, Dropped by other malware," Connects to URLs/IPs, Steals information",True, EXE,, 12 Nov 2014, 13 Oct 2014
ADW_SUPERFISH,Windows, Dropped by other malware, Installs its self-signed root certificate,True, EXE,1349936.0, 20 Feb 2015,Unknown
BKDR_VAWTRAK.DOKR,Windows," Dropped by other malware, Downloaded from the Internet"," Connects to URLs/IPs, Steals information",True," DLL, EXE",290856.0, 31 Jan 2015, 01 Feb 2015
TROJ_MDLINK.A,Windows,Unknown,Unknown,False, DOC,86016.0, 19 Feb 2015, 20 Feb 2015
TROJ_VICEPASS.A,Windows," Downloaded from the Internet, Dropped by other malware"," Connects to URLs/IPs, Steals information",False, EXE,87040.0, 24 Feb 2015, 24 Feb 2015
TROJ_STRPADT.A,Windows, Spammed via email," Connects to URLs/IPs, Downloads files, Drops files",False, EXE,606208.0, 27 Oct 2014, 28 Oct 2014
JS_DLOAD.CRYP,Windows,Unknown,Unknown,, JS,39424.0, 12 Mar 2015, 13 Mar 2015
JS_DLOADR.JBNZ,Windows, Spammed via email, Connects to URLs/IPs,False, JS,6606.0, 12 Mar 2015, 13 Mar 2015
TSPY_WOOLERG.A,Windows," Downloaded from the Internet, Dropped by other malware"," Logs keystrokes, Connects to URLs/IPs, Steals information",True, EXE,71170.0, 25 Feb 2015, 26 Feb 2015
SWF_ANGZIA.A,Windows,Unknown,Unknown,, SWF,39506.0, 22 Jan 2015, 15 Jan 2015
HKTL_KJWORM,Windows, Downloaded from the Internet,Unknown,False, EXE,525312.0, 16 Jan 2015, 19 Jan 2015
HKTL_DOOMWORM,Windows,Unknown,Unknown,False, EXE,593526.0, 19 Jan 2015,Unknown
TROJ_CRYPCTB.SMD,Windows, Spammed via email, Downloads files,False, EXE,34304.0, 19 Jan 2015, 22 Jan 2015
BKDR_PLUGX.ZTBL-EC,Windows," Dropped by other malware, Downloaded from the Internet"," Drops files, Terminates processes",True, DLL,442892.0, 31 Dec 2014, 13 Jan 2015
TROJ_CRYPCTB.SME,Windows," Downloaded from the Internet, Dropped by other malware"," Encrypts files, Changes wallpaper, Connects to URLs/IPs",True, EXE,704512.0, 19 Jan 2015, 21 Jan 2015
PE_WINDEX.A-O,Windows, Downloaded from the Internet, Connects to URLs/IPs,True, EXE,1738811.0, 14 Jan 2015,Unknown
WORM_MAILSPAM.XDP,Windows," Dropped by other malware, Spammed via email"," Connects to URLs/IPs, Compromises system security",True, EXE,451584.0, 14 Jan 2015, 14 Jan 2015
TROJ_UPATRE.SMBG,Windows," Downloaded from the Internet, Dropped by other malware", Downloads files,False, EXE,, 22 Oct 2014, 22 Oct 2014
IOS_XAGENT.A,iOS, Downloaded from the Internet," Steals information, Connects to URLs/IPs",True, Mach-O,287536.0, 30 Jan 2015,Unknown
TSPY_POSLUSY.A,Windows, Dropped by other malware, Sends out information,True, EXE,4028416.0, 02 Dec 2014,Unknown
TROJ_REGIN.SM,"Windows, Windows 64bit",Unknown,Unknown,True, SYS,, 24 Nov 2014, 26 Nov 2014
PE_URSNIF.A1,Windows," Downloaded from the Internet, Dropped by other malware, Propagates via removable drives"," Connects to URLs/IPs, Steals information, Infects files",True, EXE,, 03 Dec 2014, 08 Dec 2014
BKDR_WIPALL.A,Windows," Downloaded from the Internet, Dropped by other malware"," Drops files, Compromises system security",True, EXE,268579.0, 03 Dec 2014, 03 Dec 2014
TSPY_BANKER.YYSI,Windows, Downloaded from the Internet," Connects to URLs/IPs, Steals information",True, EXE,, 04 Dec 2014, 09 Oct 2014
TROJ_REGIN.A,"Windows,  Windows 64-bit",Unknown," Compromises system security, Steals information",True," SYS, DLL",, 24 Nov 2014,Unknown
PE_URSNIF.A2,Windows," Downloaded from the Internet, Dropped by other malware"," Connects to URLs/IPs, Steals information, Infects files",True, EXE,193536.0, 13 Jan 2015, 08 Dec 2014
HTML_ANDRSOPEXP.A,Android OS," Downloaded from the Internet, Via social networking sites",Unknown,True," HTML,  HTM",268.0,Unknown,Unknown
TROJ_WHAIM.A,Windows, Dropped by other malware," MBR infection, Drops files",True, EXE,140800.0, 11 Dec 2014, 12 Dec 2014
JS_ANDRSOPEXP.A,Android OS," Downloaded from the Internet, Via social networking sites", Compromises system security,True, JS,7885.0,Unknown,Unknown
PERL_SHELLBOT.SM,"UNIX, Linux"," Dropped by other malware, Downloaded from the Internet"," Compromises system security, Connects to URLs/IPs",True, Script,, 26 Sep 2014, 26 Sep 2014
TROJ_WIRELURK.A,Windows," Downloaded from the Internet, Via app stores"," Connects to URLs/IPs, Steals information",True, EXE,12489250.0, 07 Nov 2014,Unknown
IOS_WIRELURKER.A,"OS X, iOS"," Downloaded from the Internet, Dropped by other malware", Steals information,True,Unknown,,Unknown,Unknown
BREX_KILIM.LL,Windows, Downloaded from the Internet,Unknown,True, JS,65673.0, 21 Aug 2014,Unknown
TSPY_DRIDEX.WQJ,Windows," Downloaded from the Internet, Dropped by other malware"," Connects to URLs/IPs, Downloads files, Steals information",True, EXE,81920.0, 29 Oct 2014, 28 Oct 2014
OSX_WIRELURK.A,Mac OS X (64-bit)," Downloaded from the Internet, Dropped by other malware", Steals information,True, Other,, 07 Nov 2014, 08 Nov 2014
TROJ_WMSHELL.A,Windows, Spammed via email, Downloads files,, DOC,137728.0, 28 Oct 2014,Unknown
TROJ_POWELIKS.B,Windows," Downloaded from the Internet, Dropped by other malware"," Connects to URLs/IPs, Click fraud, Steals information",True, EXE,147968.0, 11 Nov 2014, 18 Sep 2014
BKDR_EMDIVI.LEW,Windows," Downloaded from the Internet, Dropped by other malware"," Connects to URLs/IPs, Compromises system security",True, EXE,213262.0, 14 Nov 2014, 15 Nov 2014
TROJ_CRYPAURA.A,Windows," Downloaded from the Internet, Spammed via email"," Connects to URLs/IPs, Displays graphics/image, Encrypts files",False, EXE,3334144.0, 21 Nov 2014,Unknown
TROJ64_APOLMY.A,Windows," Downloaded from the Internet, Dropped by other malware",Unknown,False, EXE,55808.0, 19 Oct 2014, 20 Oct 2014
TROJ_CRILOCK.YNG,Windows," Downloaded from the Internet, Spammed via email"," Connects to URLs/IPs, Displays message/message boxes",True, EXE,457216.0, 16 Oct 2014, 16 Oct 2014
TSPY_DRIGO.A,Windows, Dropped by other malware, Uploads files,False, EXE,710144.0, 14 Oct 2014, 14 Oct 2014
TROJ_APOLMY.A,Windows," Dropped by other malware, Downloaded from the Internet",Unknown,False, EXE,48128.0, 19 Oct 2014, 20 Oct 2014
TROJ_TALERET.ZTBJ-A,Windows," Downloaded from the Internet, Dropped by other malware", Connects to URLs/IPs,False, EXE,102400.0, 20 Oct 2014, 21 Oct 2014
TROJ_PIDIEF.YYJU,Windows," Downloaded from the Internet, Dropped by other malware, Spammed via email", Downloads files,, PDF,476741.0, 15 Oct 2014, 16 Oct 2014
TSPY_DYRE.EKW,Windows, Downloaded from the Internet," Connects to URLs/IPs, Drops files, Steals information",True, EXE,462848.0, 10 Nov 2014,Unknown
TROJ_MDROP.ZTBJ,Windows," Spammed via email, Downloaded from the Internet, Dropped by other malware", Drops files,False,Unknown,4917678.0, 20 Oct 2014, 21 Oct 2014
PERL_SHELBOT.SMA,"Windows, Linux, Unix", Downloaded from the Internet," Compromises system security, Connects to URLs/IPs",True, Script,23642.0, 03 Oct 2014, 03 Oct 2014
TROJ_DOFOIL.WYTU,Windows, Downloaded from the Internet, Connects to URLs/IPs,True, EXE,43520.0, 13 Oct 2014, 13 Oct 2014
PERL_SHELLBOT.CE,"Unix, Linux, Windows", Downloaded from the Internet," Compromises system security, Connects to URLs/IPs",True, Script,55947.0, 27 Sep 2014, 27 Sep 2014
PERL_SHELLBOT.WZ,"Windows, UNIX, Linux"," Dropped by other malware, Downloaded from the Internet"," Compromises system security, Connects to URLs/IPs",True, Script,38453.0, 26 Sep 2014, 26 Sep 2014
BKDR_BLACKEN.A,Windows, Downloaded from the Internet," Compromises system security, Connects to URLs/IPs",True," EXE, DLL",, 14 Oct 2014, 15 Oct 2014
TSPY_BANKER.DYR,Windows, Dropped by other malware," Steals information, Connects to URLs/IPs",True, DLL,, 09 Sep 2014, 10 Sep 2014
ELF_BASHWOOP.SM,"Linux, Unix"," Downloaded from the Internet, Dropped by other malware", Compromises system security,True, ELF,525900.0, 26 Sep 2014, 26 Sep 2014
ELF_BASHLET.A,"Linux, Unix", Downloaded from the Internet," Executes commands, Compromises system security",True, ELF,152.0, 26 Sep 2014, 26 Sep 2014
BKDR_PADPIN.A,"Windows 2000, Windows Server 2003, Windows XP (32-bit, 64-bit), Windows Vista (32-bit, 64-bit), Windows 7 (32-bit, 64-bit)", Dropped by other malware, Compromises system security,True, EXE,118784.0, 09 Apr 2014, 10 Apr 2014
TROJ_MDLOAD.PGTY,Windows," Dropped by other malware, Downloaded from the Internet, Spammed via email", Executes files,, Other,108917.0, 14 Oct 2014, 14 Oct 2014
TROJ_KOVTER.SM,Windows," Dropped by other malware, Downloaded from the Internet"," Steals information, Connects to URLs/IPs",True, EXE,, 10 Oct 2014,Unknown
INF_BLACKEN.A,Windows, Downloaded from the Internet, Executes files,, INF,446.0, 14 Oct 2014, 15 Oct 2014
TSPY_MEMLOG.A,"Windows 2000, Windows Server 2003, Windows XP (32-bit, 64-bit), Windows Vista (32-bit, 64-bit), Windows 7 (32-bit, 64-bit)"," Downloaded from the Internet, Dropped by other malware"," Steals information, Drops files",True, EXE,134656.0, 22 Aug 2014, 24 Aug 2014
TSPY_POSLOGR.B,"Windows 2000, Windows Server 2003, Windows XP (32-bit, 64-bit), Windows Vista (32-bit, 64-bit), Windows 7 (32-bit, 64-bit)"," Downloaded from the Internet, Dropped by other malware"," Compromises system security,  Drops files, Steals information, Connects to URLs/IPs",True, EXE,90112.0, 31 Jul 2014, 01 Aug 2014
BKDR_QULKONWI.GHR,"Windows 2000, Windows Server 2003, Windows XP (32-bit, 64-bit), Windows Vista (32-bit, 64-bit), Windows 7 (32-bit, 64-bit)"," Downloaded from the Internet, Dropped by other malware"," Connects to URLs/IPs, Compromises network security, Downloads files",True,Unknown,39055497.0, 29 Jul 2014, 31 Jul 2014
TSPY_POSLOGR.A,"Windows 2000, Windows Server 2003, Windows XP (32-bit, 64-bit), Windows Vista (32-bit, 64-bit), Windows 7 (32-bit, 64-bit)", Downloaded from the Internet, Connects to URLs/IPs,True, EXE,77312.0, 28 Aug 2014, 01 Aug 2014
BAT_CRYPTOR.A,"Windows 2000, Windows Server 2003, Windows XP (32-bit, 64-bit), Windows Vista (32-bit, 64-bit), Windows 7 (32-bit, 64-bit)"," Downloaded from the Internet, Dropped by other malware"," Encrypts files, Drops files",False, BAT,, 17 Jul 2014, 23 Jul 2014
TSPY_POSLOGR.C,"Windows 2000, Windows Server 2003, Windows XP (32-bit, 64-bit), Windows Vista (32-bit, 64-bit), Windows 7 (32-bit, 64-bit)"," Downloaded from the Internet, Dropped by other malware"," Connects to URLs/IPs, Compromises system security, Steals information",True, EXE,110592.0, 31 Jul 2014, 31 Jul 2014
BKDR_PERCS.A,"Windows 2000, Windows Server 2003, Windows XP (32-bit, 64-bit), Windows Vista (32-bit, 64-bit), Windows 7 (32-bit, 64-bit)"," Downloaded from the Internet, Dropped by other malware"," Compromises system security, Logs keystrokes, Steals information",True, EXE,, 06 Aug 2014, 09 Aug 2014
ELF_BASHLITE.A,"Linux, UNIX", Downloaded from the Internet," Compromises system security, Connects to URLs/IPs",True, ELF,, 26 Sep 2014, 26 Sep 2014
IOS_APPBUYER.A,IOS,Unknown,Unknown,,Unknown,,Unknown,Unknown
OSX_SLORDU.A,Mac OS X," Downloaded from the Internet, Dropped by other malware"," Compromises system security, Drops files, Steals information",True, Mach-O,345360.0, 08 Sep 2014, 09 Sep 2014
TSPY_BANKER.WSTA,"Windows 2000, Windows Server 2003, Windows XP (32-bit, 64-bit), Windows Vista (32-bit, 64-bit), Windows 7 (32-bit, 64-bit)"," Downloaded from the Internet, Spammed via email", Connects to URLs/IPs,True, EXE,246784.0, 11 Jun 2014, 14 Jun 2014
BKDR_PLUGX.ZTBF-A,"Windows 2000, Windows Server 2003, Windows XP (32-bit, 64-bit), Windows Vista (32-bit, 64-bit), Windows 7 (32-bit, 64-bit)", Dropped by other malware, Connects to URLs/IPs,True, Other,117428.0, 12 Jun 2014, 12 Jun 2014
TSPY_EMOTET.L,"Windows 2000, Windows Server 2003, Windows XP (32-bit, 64-bit), Windows Vista (32-bit, 64-bit), Windows 7 (32-bit, 64-bit)"," Spammed via email, Downloaded from the Internet"," Connects to URLs/IPs, Downloads files",True, EXE,131072.0, 12 Jun 2014, 11 Jun 2014
TSPY_ZBOT.YUYAQ,"Windows 2000, Windows Server 2003, Windows XP (32-bit, 64-bit), Windows Vista (32-bit, 64-bit), Windows 7 (32-bit, 64-bit)", Downloaded from the Internet," Connects to URLs/IPs, Downloads files",True, EXE,324096.0, 08 Jul 2014, 09 Jul 2014
TSPY_ZBOT.YUYET,"Windows 2000, Windows Server 2003, Windows XP (32-bit, 64-bit), Windows Vista (32-bit, 64-bit), Windows 7 (32-bit, 64-bit)"," Downloaded from the Internet, Dropped by other malware"," Connects to URLs/IPs, Downloads files",True, EXE,361984.0, 10 Jun 2014, 28 May 2014
TROJ_PLUGX.ZTBF-A,"Windows 2000, Windows Server 2003, Windows XP (32-bit, 64-bit), Windows Vista (32-bit, 64-bit), Windows 7 (32-bit, 64-bit)",Unknown, Executes files,False, DLL,2560.0, 12 Jun 2014, 12 Jun 2014
TROJ_DROIDPAK.A,"Windows 2000, Windows Server 2003, Windows XP (32-bit, 64-bit), Windows Vista (32-bit, 64-bit), Windows 7 (32-bit, 64-bit)", Downloaded from the Internet, Connects to URLs/IPs,True, EXE,82432.0, 29 Jan 2014, 30 Jan 2014
TROJ_CRYPTFILE.SM,"Windows 2000, Windows Server 2003, Windows XP (32-bit, 64-bit), Windows Vista (32-bit, 64-bit), Windows 7 (32-bit, 64-bit)", Downloaded from the Internet," Encrypts files, Connects to URLs/IPs, Displays message/message boxes",True, EXE,155136.0, 18 Jul 2014, 24 Jul 2014
TSPY_ZBOT.VUH,"Windows 2000, Windows Server 2003, Windows XP (32-bit, 64-bit), Windows Vista (32-bit, 64-bit), Windows 7 (32-bit, 64-bit)"," Downloaded from the Internet, Dropped by other malware"," Connects to URLs/IPs, Deletes files",True, EXE,349697.0, 05 Nov 2013, 06 Nov 2013
TROJ_CRYPCTB.A,"Windows 2000, Windows Server 2003, Windows XP (32-bit, 64-bit), Windows Vista (32-bit, 64-bit), Windows 7 (32-bit, 64-bit)"," Downloaded from the Internet, Dropped by other malware"," Encrypts files, Displays images",True, EXE,745472.0, 17 Jul 2014, 25 Jul 2014
BKDR_KULUOZ.ED,"Windows 2000, Windows Server 2003, Windows XP (32-bit, 64-bit), Windows Vista (32-bit, 64-bit), Windows 7 (32-bit, 64-bit)", Spammed via email," Collects system information, Connects to URLs/IPs, Compromises system security",False, EXE,99328.0, 19 Dec 2013, 16 Dec 2013
TROJ_CRYPWALL.D,"Windows 2000, Windows Server 2003, Windows XP (32-bit, 64-bit), Windows Vista (32-bit, 64-bit), Windows 7 (32-bit, 64-bit)"," Downloaded from the Internet, Dropped by other malware"," Steals information, Encrypts files, Compromises system security",True, EXE,152064.0, 11 Jun 2014, 11 Jun 2014
TROJ_PRESHIN.JTT,"Windows 2000, Windows Server 2003, Windows XP (32-bit, 64-bit), Windows Vista (32-bit, 64-bit), Windows 7 (32-bit, 64-bit)", Downloaded from the Internet," Connects to URLs/IPs, Downloads files",, Other,244.0, 09 May 2014, 10 May 2014
TROJ_UPATRE.YYMV,"Windows 2000, Windows Server 2003, Windows XP (32-bit, 64-bit), Windows Vista (32-bit, 64-bit), Windows 7 (32-bit, 64-bit)"," Downloaded from the Internet, Dropped by other malware"," Downloads files, Connects to URLs/IPs",True, EXE,23040.0, 14 Jun 2014, 04 Jun 2014
TSPY_ZBOT.YYMV,"Windows 2000, Windows Server 2003, Windows XP (32-bit, 64-bit), Windows Vista (32-bit, 64-bit), Windows 7 (32-bit, 64-bit)"," Dropped by other malware, Downloaded from the Internet"," Downloads files, Connects to URLs/IPs",True, EXE,687616.0, 04 Jun 2014, 04 Jun 2014
LNK_PRESHIN.JTT,"Windows 2000, Windows Server 2003, Windows XP (32-bit, 64-bit), Windows Vista (32-bit, 64-bit), Windows 7 (32-bit, 64-bit)", Spammed via email," Connects to URLs/IPs, Downloads files",, LNK,2647.0, 08 May 2014, 10 May 2014
ANDROIDOS_RUSMS.A,Android OS,Unknown, Intercepts SMS,True, APK,253833.0, 04 Jun 2014,Unknown
ANDROIDOS_LOCKER.HBT,Android OS,Unknown,Unknown,True, APK,4917678.0,Unknown,Unknown
TSPY_ZBOT.YUYEN,"Windows 2000, Windows Server 2003, Windows XP (32-bit, 64-bit), Windows Vista (32-bit, 64-bit), Windows 7 (32-bit, 64-bit)"," Dropped by other malware, Downloaded from the Internet", Drops files,True, EXE,310784.0, 06 Jun 2014, 09 Jun 2014
RTKT_NECURS.MJYE,"Windows 2000, Windows Server 2003, Windows XP (32-bit, 64-bit), Windows Vista (32-bit, 64-bit), Windows 7 (32-bit, 64-bit)"," Dropped by other malware, Downloaded from the Internet", Hooks APIs,True, SYS,33920.0, 01 Jun 2014, 04 Jun 2014
TSPY_USTEAL.USRJ,"Windows 2000, Windows Server 2003, Windows XP (32-bit, 64-bit), Windows Vista (32-bit, 64-bit), Windows 7 (32-bit, 64-bit)"," Downloaded from the Internet, Dropped by other malware"," Connects to URLs/IPs, Steals information, Drops files",True, EXE,77824.0, 23 Apr 2014, 24 Apr 2014
SWF_EXPLOIT.RWF,"Windows 2000, Windows Server 2003, Windows XP (32-bit, 64-bit), Windows Vista (32-bit, 64-bit), Windows 7 (32-bit, 64-bit)", Downloaded from the Internet,Unknown,True, SWF,12669.0, 30 Apr 2014, 01 May 2014
BKDR_BLADABIN.AB,"Windows 2000, Windows Server 2003, Windows XP (32-bit, 64-bit), Windows Vista (32-bit, 64-bit), Windows 7 (32-bit, 64-bit)"," Dropped by other malware, Downloaded from the Internet"," Compromises system security, Steals information, Connects to URLs/IPs",True, EXE,232448.0, 07 May 2014, 08 May 2014
TROJ_UPATRE.YQU,"Windows 2000, Windows Server 2003, Windows XP (32-bit, 64-bit), Windows Vista (32-bit, 64-bit), Windows 7 (32-bit, 64-bit)", Spammed via email, Downloads files,True, EXE,18944.0, 09 Apr 2014, 08 Apr 2014
BKDR_KULUOZ.VLT,"Windows 2000, Windows Server 2003, Windows XP (32-bit, 64-bit), Windows Vista (32-bit, 64-bit), Windows 7 (32-bit, 64-bit)", Downloaded from the Internet, Connects to URLs/IPs,True, EXE,151040.0, 09 May 2014, 12 May 2014
TROJ_RANSOM.SMAR,"Windows 2000, Windows XP, Windows Server 2003"," Downloaded from the Internet, Dropped by other malware", Encrypts files,False, EXE,, 13 Mar 2014, 13 Mar 2014
TROJ_SHESDE.E,"Windows 2000, Windows Server 2003, Windows XP (32-bit, 64-bit), Windows Vista (32-bit, 64-bit), Windows 7 (32-bit, 64-bit)"," Dropped by other malware, Downloaded from the Internet",  Downloads files,True, DLL,22016.0, 23 Feb 2014, 24 Feb 2014
ADW_INSTALLREX,"Windows 2000, Windows Server 2003, Windows XP (32-bit, 64-bit), Windows Vista (32-bit, 64-bit), Windows 7 (32-bit, 64-bit)"," Downloaded from the Internet, Dropped by other malware"," Downloads files, Drops files",False, EXE,331408.0, 12 Nov 2013,Unknown
BKDR_KULUOZ.VLU,"Windows 2000, Windows Server 2003, Windows XP (32-bit, 64-bit), Windows Vista (32-bit, 64-bit), Windows 7 (32-bit, 64-bit)"," Downloaded from the Internet, Dropped by other malware"," Connects to URLs/IPs, Collects system information",True, EXE,159744.0, 10 Nov 2014, 12 Nov 2014
TROJ_POSHCODER.A,"Windows 2000, Windows Server 2003, Windows XP (32-bit, 64-bit), Windows Vista (32-bit, 64-bit), Windows 7 (32-bit, 64-bit)"," Downloaded from the Internet, Dropped by other malware"," Encrypts files, Displays images, Drops files",True," EXE, DLL, Script",, 20 May 2014, 20 May 2014
RTKT_NECURS.BGSG ,"Windows 2000, Windows Server 2003, Windows XP (32-bit, 64-bit), Windows Vista (32-bit, 64-bit), Windows 7 (32-bit, 64-bit)"," Dropped by other malware, Downloaded from the Internet",Unknown,True, SYS,56320.0, 09 Apr 2014, 10 Apr 2014
RTKT_NECURS.RBC,"Windows 2000, Windows Server 2003, Windows XP (32-bit, 64-bit), Windows Vista (32-bit, 64-bit), Windows 7 (32-bit, 64-bit)"," Dropped by other malware, Downloaded from the Internet",Unknown,True, SYS,56832.0, 20 Mar 2014, 20 Mar 2014
ANDROIDOS_ACCLEAKER.HBT,Android OS, Via app stores, Collects system information,True, APK,894988.0, 21 Jan 2014,Unknown
BKDR_NEUREVT.DCM,"Windows 2000, Windows Server 2003, Windows XP (32-bit, 64-bit), Windows Vista (32-bit, 64-bit), Windows 7 (32-bit, 64-bit)"," Downloaded from the Internet, Dropped by other malware"," Compromises system security, Connects to URLs/IPs, Terminates processes, Steals information",True, EXE,217088.0, 02 Apr 2014, 03 Apr 2014
W97M_SHELLHIDE.B,"Windows 2000, Windows Server 2003, Windows XP (32-bit, 64-bit), Windows Vista (32-bit, 64-bit), Windows 7 (32-bit, 64-bit)", Spammed via email, Downloads files,, DOC,30720.0, 02 Apr 2014, 03 Apr 2014
TSPY_ZBOT.YYJR,"Windows 2000, Windows Server 2003, Windows XP (32-bit, 64-bit), Windows Vista (32-bit, 64-bit), Windows 7 (32-bit, 64-bit)"," Spammed via email, Downloaded from the Internet, Dropped by other malware"," Drops files, Downloads files",True, EXE,434688.0, 03 Apr 2014, 04 Apr 2014
TROJ_UPATRE.YYKE,"Windows 2000, Windows Server 2003, Windows XP (32-bit, 64-bit), Windows Vista (32-bit, 64-bit), Windows 7 (32-bit, 64-bit)", Spammed via email,  Downloads files,False, EXE,18432.0, 01 Apr 2014, 01 Apr 2014
JAVA_OZNEB.B,"Windows 2000, Windows Server 2003, Windows XP (32-bit, 64-bit), Windows Vista (32-bit, 64-bit), Windows 7 (32-bit, 64-bit), Linux, Mac OS, Android"," Downloaded from the Internet, Dropped by other malware"," Steals information, Compromises system security",True, JAR,44204.0, 03 Mar 2014, 04 Mar 2014
JS_SHESDE.E,"Windows 2000, Windows Server 2003, Windows XP (32-bit, 64-bit), Windows Vista (32-bit, 64-bit), Windows 7 (32-bit, 64-bit)", Downloaded from the Internet," Loads malicious applications, Drops files, Downloads files",," HTML,  HTM",44794.0, 06 Mar 2014, 07 Mar 2014
BKDR_KULUOZ.SMAL,"Windows 2000, Windows Server 2003, Windows XP (32-bit, 64-bit), Windows Vista (32-bit, 64-bit), Windows 7 (32-bit, 64-bit)"," Spammed via email, Downloaded from the Internet, Dropped by other malware"," Compromises system security, Connects to URLs/IPs",True, EXE,234496.0, 17 Apr 2014, 17 Apr 2014
TSPY_ZBOT.YYKE,"Windows 2000, Windows Server 2003, Windows XP (32-bit, 64-bit), Windows Vista (32-bit, 64-bit), Windows 7 (32-bit, 64-bit)"," Dropped by other malware, Downloaded from the Internet"," Downloads files, Connects to URLs/IPs",True, EXE,544768.0, 02 Apr 2014, 03 Apr 2014
ANDROIDOS_DENDROID.HBT,Android OS, Dropped by other malware, Steals information,True, APK,833648.0, 10 Feb 2014, 07 Mar 2014
PHP_C99SHEL.SMC,"Windows 2000, Windows Server 2003, Windows XP (32-bit, 64-bit), Windows Vista (32-bit, 64-bit), Windows 7 (32-bit, 64-bit)", Spammed via email, Compromises system security,False, Script,44794.0, 08 Jul 2011, 08 Jul 2011
W97M_CRIGENT.A,"Windows 2000, Windows Server 2003, Windows XP (32-bit, 64-bit), Windows Vista (32-bit, 64-bit), Windows 7 (32-bit, 64-bit)"," Downloaded from the Internet, Dropped by other malware, Infects files"," Compromises system security, Downloads files",True, DOC,, 20 Mar 2014, 29 Mar 2014
ANDROIDOS_KAGECOIN.HBT,Android OS, Via app stores, Connects to URLs/IPs,True, APK,3972828.0, 28 Feb 2014,Unknown
BKDR_CARETO.A,"Windows 2000, Windows Server 2003, Windows XP (32-bit, 64-bit), Windows Vista (32-bit, 64-bit), Windows 7 (32-bit, 64-bit)"," Dropped by other malware, Spammed via email, Downloaded from the Internet"," Collects system information, Compromises system security",True," EXE, DLL",, 07 Feb 2014, 08 Feb 2014
X97M_CRIGENT.A,"Windows 2000, Windows Server 2003, Windows XP (32-bit, 64-bit), Windows Vista (32-bit, 64-bit), Windows 7 (32-bit, 64-bit)"," Downloaded from the Internet, Infects files, Dropped by other malware"," Compromises system security, Downloads files",True, XLS,, 08 Mar 2014, 11 Mar 2014
ANDROIDOS_KAGECOIN.HBTB,Android, Via app stores," Battery drain, Connects to URLs/IPs",True, APK,5051117.0, 19 Mar 2014,Unknown
W97M_SHELLHIDE.A,"Windows 2000, Windows Server 2003, Windows XP (32-bit, 64-bit), Windows Vista (32-bit, 64-bit), Windows 7 (32-bit, 64-bit)", Spammed via email,Unknown,, DOCX,317951.0, 19 Mar 2014, 20 Mar 2014
TSPY_ZBOT.DOCM,"Windows 2000, Windows Server 2003, Windows XP (32-bit, 64-bit), Windows Vista (32-bit, 64-bit), Windows 7 (32-bit, 64-bit)"," Downloaded from the Internet, Dropped by other malware, Spammed via email"," Connects to URLs/IPs, Downloads files",True, EXE,209124.0, 19 Mar 2014, 20 Mar 2014
OSX_CARETO.A,Mac OS X, Dropped by other malware, Compromises system security,True, Mach-O,89828.0, 12 Feb 2014, 12 Feb 2014
TROJ_EXPLOYT.AGH,"Windows 2000, Windows Server 2003, Windows XP (32-bit, 64-bit), Windows Vista (32-bit, 64-bit), Windows 7 (32-bit, 64-bit)", Spammed via email, Drops files,False," MSG, DOC",215360.0, 04 Mar 2014, 04 Mar 2014
TROJ_ZCLICK.A,"Windows 2000, Windows Server 2003, Windows XP (32-bit, 64-bit), Windows Vista (32-bit, 64-bit), Windows 7 (32-bit, 64-bit)"," Downloaded from the Internet, Dropped by other malware"," Displays windows, Connects to URLs/IPs",True, EXE,277504.0, 18 Mar 2014, 18 Mar 2014
BKDR_NECURS.BGSH,"Windows 2000, Windows Server 2003, Windows XP (32-bit, 64-bit), Windows Vista (32-bit, 64-bit), Windows 7 (32-bit, 64-bit)"," Downloaded from the Internet, Dropped by other malware"," Connects to URLs/IPs, Drops files",True, EXE,207872.0, 05 Mar 2014, 20 Mar 2014
ANDROIDOS_TORBOT.A,Android OS, Dropped by other malware, Compromises system security,True, APK,4885996.0, 17 Mar 2014,Unknown
BKDR_GHOST.LRK,"Windows 2000, Windows Server 2003, Windows XP (32-bit, 64-bit), Windows Vista (32-bit, 64-bit), Windows 7 (32-bit, 64-bit)", Dropped by other malware," Connects to URLs/IPs, Drops files, Steals information",True, EXE,122368.0, 04 Mar 2014, 11 Mar 2014
TSPY_FAREIT.BB,"Windows 2000, Windows Server 2003, Windows XP (32-bit, 64-bit), Windows Vista (32-bit, 64-bit), Windows 7 (32-bit, 64-bit)"," Downloaded from the Internet, Dropped by other malware", Connects to URLs/IPs,True, EXE,100022.0, 11 Mar 2014, 18 Mar 2014
TROJ_CRIBIT.B,"Windows 2000, Windows Server 2003, Windows XP (32-bit, 64-bit), Windows Vista (32-bit, 64-bit), Windows 7 (32-bit, 64-bit)"," Downloaded from the Internet, Dropped by other malware"," Compromises system security, Terminates processes, Encrypts files",True, EXE,312032.0, 09 Mar 2014, 10 Mar 2014
TROJ_CRIBIT.A,"Windows 2000, Windows Server 2003, Windows XP (32-bit, 64-bit), Windows Vista (32-bit, 64-bit), Windows 7 (32-bit, 64-bit)"," Downloaded from the Internet, Dropped by other malware"," Encrypts files, Compromises system security, Terminates processes",True, EXE,281088.0, 07 Mar 2014, 10 Mar 2014
BKDR_OTOPROXY.WR,"Windows 2000, Windows Server 2003, Windows XP (32-bit, 64-bit), Windows Vista (32-bit, 64-bit), Windows 7 (32-bit, 64-bit)", Downloaded from the Internet," Connects to URLs/IPs, Drops files",True, EXE,233528.0, 18 Mar 2014, 18 Mar 2014
TROJ_RANSOM.ZD,"Windows 2000, Windows Server 2003, Windows XP (32-bit, 64-bit), Windows Vista (32-bit, 64-bit), Windows 7 (32-bit, 64-bit)"," Downloaded from the Internet, Dropped by other malware", Encrypts files,True, EXE,393017.0, 18 Feb 2014, 18 Feb 2014
TROJ_BLOCKER.J,"Windows 2000, Windows Server 2003, Windows XP (32-bit, 64-bit), Windows Vista (32-bit, 64-bit), Windows 7 (32-bit, 64-bit)", Downloaded from the Internet, Downloads files,False, EXE,331776.0, 22 Jan 2014, 23 Jan 2014
SWF_EXPLOIT.PB,"Windows 2000, Windows Server 2003, Windows XP (32-bit, 64-bit), Windows Vista (32-bit, 64-bit), Windows 7 (32-bit, 64-bit)",Unknown," Connects to URLs/IPs, Downloads files",True, SWF,16587.0, 14 Feb 2014, 15 Feb 2014
TROJ_RANSOM.HUN,"Windows 2000, Windows Server 2003, Windows XP (32-bit, 64-bit), Windows Vista (32-bit, 64-bit), Windows 7 (32-bit, 64-bit)", Downloaded from the Internet," Terminates processes, Displays graphics/image",True, EXE,582144.0, 20 Feb 2014, 20 Feb 2014
PE_PATNOTE.A,"Windows 2000, Windows Server 2003, Windows XP (32-bit, 64-bit), Windows Vista (32-bit, 64-bit), Windows 7 (32-bit, 64-bit)", Infects files, Drops files,True, EXE,, 16 Jan 2014, 24 Jan 2014
HTML_EXPLOIT.PB,"Windows 2000, Windows Server 2003, Windows XP (32-bit, 64-bit), Windows Vista (32-bit, 64-bit), Windows 7 (32-bit, 64-bit)",Unknown,Unknown,True," HTML,  HTM",2681.0, 14 Feb 2014, 16 Feb 2014
SWF_EXPLOYT.LPE,"Windows 2000, Windows Server 2003, Windows XP (32-bit, 64-bit), Windows Vista (32-bit, 64-bit), Windows 7 (32-bit, 64-bit)", Downloaded from the Internet, Downloads files,, SWF,4539.0, 21 Feb 2014, 22 Feb 2014
BKDR_PLUGX.NSC,"Windows 2000, Windows Server 2003, Windows XP (32-bit, 64-bit), Windows Vista (32-bit, 64-bit), Windows 7 (32-bit, 64-bit)"," Downloaded from the Internet, Dropped by other malware"," Compromises system security, Connects to URLs/IPs",True, EXE,75776.0, 24 Feb 2014, 22 Feb 2014
TROJ_BANLOAD.YZV,"Windows 2000, Windows Server 2003, Windows XP (32-bit, 64-bit), Windows Vista (32-bit, 64-bit), Windows 7 (32-bit, 64-bit)", Downloaded from the Internet," Connects to URLs/IPs, Downloads files",False, EXE,169472.0, 19 Mar 2014, 24 Feb 2014
TROJ_UPATRE.SMAI,"Windows 2000, Windows XP, Windows Server 2003,Windows Vista (32-bit, 64-bit), Windows 7 (32-bit, 64-bit)", Spammed via email," Connects to URLs/IPs, Downloads files",False, EXE,17920.0, 11 Jan 2014, 14 Jan 2014
TSPY_ZBOT.SMIG,"Windows 2000, Windows Server 2003, Windows XP (32-bit, 64-bit), Windows Vista (32-bit, 64-bit), Windows 7 (32-bit, 64-bit)", Dropped by other malware, Downloads files,True, EXE,141824.0, 27 Dec 2013, 04 Mar 2011
TSPY_EUPUDS.A,"Windows 2000, Windows Server 2003, Windows XP (32-bit, 64-bit), Windows Vista (32-bit, 64-bit), Windows 7 (32-bit, 64-bit)", Downloaded from the Internet," Downloads files, Steals information",True, EXE,1080066.0, 20 Dec 2013, 22 Dec 2013
TROJ_BANLOAD.GB,"Windows 2000, Windows Server 2003, Windows XP (32-bit, 64-bit), Windows Vista (32-bit, 64-bit), Windows 7 (32-bit, 64-bit)"," Downloaded from the Internet, Dropped by other malware"," Downloads files, Connects to URLs/IPs",False, EXE,1005056.0, 23 Jan 2014, 08 Jan 2014
TSPY_BANKER.GB,"Windows 2000, Windows Server 2003, Windows XP (32-bit, 64-bit), Windows Vista (32-bit, 64-bit), Windows 7 (32-bit, 64-bit)"," Dropped by other malware, Downloaded from the Internet", Steals information,True, DLL,729088.0, 07 Jan 2014, 08 Jan 2014
TSPY_ZBOT.AAMV,"Windows 2000, Windows XP (32-bit and 64-bit), Windows Server 2003, Windows Vista (32-bit and 64-bit), Windows 7 (32-bit and 64-bit)"," Downloaded from the Internet, Dropped by other malware"," Connects to URLs/IPs, Downloads files, Steals information",True, EXE,1245328.0, 28 Dec 2013, 31 Dec 2013
TSPY_CHISBURG.A,"Windows 2000, Windows Server 2003, Windows XP (32-bit, 64-bit), Windows Vista (32-bit, 64-bit), Windows 7 (32-bit, 64-bit)", Spammed via email, Steals information,False, EXE,976393.0, 13 Dec 2013, 18 Dec 2013
TROJ_GATAK.FCK,"Windows 2000, Windows Server 2003, Windows XP (32-bit, 64-bit), Windows Vista (32-bit, 64-bit), Windows 7 (32-bit, 64-bit)"," Downloaded from the Internet, Dropped by other malware"," Connects to URLs/IPs, Downloads files",True, EXE,1314816.0, 10 Jan 2014, 11 Jan 2014
TSPY_ZBOT.PNR,"Windows 2000, Windows XP (32-bit and 64-bit), Windows Server 2003, Windows Vista (32-bit and 64-bit), Windows 7 (32-bit and 64-bit)"," Downloaded from the Internet, Dropped by other malware"," Connects to URLs/IPs, Downloads files, Steals information",True, EXE,180000.0, 20 Jan 2014, 21 Jan 2014
HTML_BLOCKER.K,"Windows 2000, Windows Server 2003, Windows XP (32-bit, 64-bit), Windows Vista (32-bit, 64-bit), Windows 7 (32-bit, 64-bit)"," Downloaded from the Internet, Via social networking sites", Downloads files,," HTML,  HTM",10545.0, 22 Jan 2014, 23 Jan 2014
JS_BLOCKER.J,"Windows 2000, Windows Server 2003, Windows XP (32-bit, 64-bit), Windows Vista (32-bit, 64-bit), Windows 7 (32-bit, 64-bit)", Downloaded from the Internet," Connects to URLs/IPs, Downloads files",, JS,2593.0, 22 Jan 2014, 23 Jan 2014
TROJ_UPATRE.VNA,"Windows 2000, Windows Server 2003, Windows XP (32-bit, 64-bit), Windows Vista (32-bit, 64-bit), Windows 7 (32-bit, 64-bit)"," Downloaded from the Internet, Dropped by other malware", Downloads files,False, EXE,22528.0, 19 Oct 2013, 19 Oct 2013
TROJ_PIDIEF.GUD,"Windows 2000, Windows Server 2003, Windows XP (32-bit, 64-bit), Windows Vista (32-bit, 64-bit), Windows 7 (32-bit, 64-bit)", Spammed via email," Drops files, Executes files",, PDF,177511.0, 16 Oct 2013, 17 Oct 2013
TROJ_ACTIFF.B,"Windows 2000, Windows Server 2003, Windows XP (32-bit, 64-bit), Windows Vista (32-bit, 64-bit), Windows 7 (32-bit, 64-bit)"," Downloaded from the Internet, Dropped by other malware", Downloads files,, DOCX,309846.0, 06 Nov 2013, 06 Nov 2013
BKDR_EVILOGE.SM,"Windows 2000, Windows Server 2003, Windows XP (32-bit, 64-bit), Windows Vista (32-bit, 64-bit), Windows 7 (32-bit, 64-bit)", Dropped by other malware," Steals information, Terminates processes, Collects system information",True, EXE,, 02 Aug 2013, 03 Aug 2013
BKDR_LIFTOH.AD,"Windows 2000, Windows Server 2003, Windows XP (32-bit, 64-bit), Windows Vista (32-bit, 64-bit), Windows 7 (32-bit, 64-bit)"," Dropped by other malware, Downloaded from the Internet"," Connects to URLs/IPs, Downloads files",True, EXE,162816.0, 15 Oct 2013, 16 Oct 2013
TROJ_CRILOCK.NS,"Windows 2000, Windows Server 2003, Windows XP (32-bit, 64-bit), Windows Vista (32-bit, 64-bit), Windows 7 (32-bit, 64-bit)"," Downloaded from the Internet, Dropped by other malware"," Connects to URLs/IPs, Encrypts files",True, EXE,766976.0, 01 Oct 2013, 01 Oct 2013
TROJ_ACTIFF.A,"Windows 2000, Windows Server 2003, Windows XP (32-bit, 64-bit), Windows Vista (32-bit, 64-bit), Windows 7 (32-bit, 64-bit)", Downloaded from the Internet,Unknown,, DOCX,370287.0, 06 Nov 2013, 06 Nov 2013
BKDR_TAVDIG.GUD ,"Windows 2000, Windows Server 2003, Windows XP (32-bit, 64-bit), Windows Vista (32-bit, 64-bit), Windows 7 (32-bit, 64-bit)", Dropped by other malware," Compromises system security, Collects system information, Connects to URLs/IPs",True, EXE,176245.0, 19 Oct 2013, 20 Oct 2013
WORM_CRILOCK.A,"Windows 2000, Windows Server 2003, Windows XP (32-bit, 64-bit), Windows Vista (32-bit, 64-bit), Windows 7 (32-bit, 64-bit)"," Downloaded from the Internet, Via removable drives"," Connects to URLs/IPs, Encrypts files",True, EXE,979456.0, 21 Dec 2013, 22 Dec 2013
TSPY64_ZBOT.AANP,"Windows XP (64-bit), Windows Vista (64-bit), Windows 7 (64-bit)"," Downloaded from the Internet, Dropped by other malware"," Connects to URLs/IPs, Downloads files, Steals information",True, EXE,216064.0, 28 Dec 2013, 03 Jan 2014
BKDR_MEVADE.A,"Windows 2000, Windows Server 2003, Windows XP (32-bit, 64-bit), Windows Vista (32-bit, 64-bit), Windows 7 (32-bit, 64-bit)"," Downloaded from the Internet, Dropped by other malware"," Compromises system security, Steals information, Connects to URLs/IPs",True, EXE,399360.0, 29 Aug 2013, 31 Aug 2013
ANDROIDOS_OPFAKE.CTD,Android OS,Unknown, Downloads files,False, APK,215849.0, 12 Sep 2013,Unknown
BKDR_FIDOBOT.A,"Windows 2000, Windows Server 2003, Windows XP (32-bit, 64-bit), Windows Vista (32-bit, 64-bit), Windows 7 (32-bit, 64-bit)"," Downloaded from the Internet, Dropped by other malware"," Connects to URLs/IPs, Compromises system security",True, EXE,566272.0, 30 Aug 2013, 03 Sep 2013
BKDR_SYKIPOT.AG,"Windows 2000, Windows XP, Windows Server 2003"," Downloaded from the Internet, Dropped by other malware", Compromises system security,True, EXE,113427.0, 18 Jul 2013, 19 Jul 2013
BKDR_SISPROC.A,"Windows 2000, Windows Server 2003, Windows XP (32-bit, 64-bit), Windows Vista (32-bit, 64-bit), Windows 7 (32-bit, 64-bit)", Dropped by other malware," Steals information, Connects to URLs/IPs",True, EXE,41998.0, 21 Aug 2013, 22 Aug 2013
BKDR_BLYPT.A,"Windows 2000, Windows Server 2003, Windows XP (32-bit, 64-bit), Windows Vista (32-bit, 64-bit), Windows 7 (32-bit, 64-bit)"," Downloaded from the Internet, Dropped by other malware", Compromises system security,True, EXE,39936.0, 21 Sep 2013, 21 Sep 2013
TSPY_ZBOT.THX,"Windows 2000, Windows XP (32-bit and 64-bit), Windows Server 2003, Windows Vista (32-bit and 64-bit), Windows 7 (32-bit and 64-bit)"," Downloaded from the Internet, Dropped by other malware", Downloads files,True, EXE,183808.0, 25 Jul 2013, 26 Jul 2013
TROJ_CRILOCK.AE,"Windows 2000, Windows Server 2003, Windows XP (32-bit, 64-bit), Windows Vista (32-bit, 64-bit), Windows 7 (32-bit, 64-bit)", Downloaded from the Internet," Connects to URLs/IPs, Encrypts files",True, EXE,766976.0, 08 Oct 2013, 08 Oct 2013
BKDR_BLYPT.B,"Windows 2000, Windows Server 2003, Windows XP (32-bit, 64-bit), Windows Vista (32-bit, 64-bit), Windows 7 (32-bit, 64-bit)"," Dropped by other malware, Downloaded from the Internet", Connects to URLs/IPs,True, DLL,103936.0, 21 Sep 2013, 21 Sep 2013
BKDR_SHOTODOR.A,"Windows 2000, Windows Server 2003, Windows XP (32-bit, 64-bit), Windows Vista (32-bit, 64-bit), Windows 7 (32-bit, 64-bit)"," Downloaded from the Internet, Dropped by other malware"," Connects to URLs/IPs, Steals information, Compromises system security",True, EXE,1235361.0, 08 Oct 2013, 09 Oct 2013
TROJ_FEBUSER.A,"Windows 2000, Windows Server 2003, Windows XP (32-bit, 64-bit), Windows Vista (32-bit, 64-bit), Windows 7 (32-bit, 64-bit)"," Downloaded from the Internet, Via social networking sites", Drops files,False, EXE,229776.0, 25 Jul 2013, 25 Jul 2013
PE_EXPIRO.JX-O,"Windows 2000, Windows Server 2003, Windows XP (32-bit, 64-bit), Windows Vista (32-bit, 64-bit), Windows 7 (32-bit, 64-bit)"," Downloaded from the Internet, Dropped by other malware, Infects files"," Steals information, Connects to URLs/IPs",True, EXE,547328.0, 05 Jul 2013, 08 Jul 2013
JAVA_EXPLOIT.ZC,"Windows 2000, Windows Server 2003, Windows XP (32-bit, 64-bit), Windows Vista (32-bit, 64-bit), Windows 7 (32-bit, 64-bit)", Downloaded from the Internet, Downloads files,False, EXE,14497.0, 08 Jul 2013, 08 Jul 2013
JAVA_EXPLOYT.RO,"Windows 2000, Windows Server 2003, Windows XP (32-bit, 64-bit), Windows Vista (32-bit, 64-bit), Windows 7 (32-bit, 64-bit)"," Dropped by other malware, Downloaded from the Internet"," Connects to URLs/IPs, Downloads files",, Java,37457.0, 25 Jul 2013, 26 Jul 2013
JS_OBFUSC.BEB,"Windows 2000, Windows Server 2003, Windows XP (32-bit, 64-bit), Windows Vista (32-bit, 64-bit), Windows 7 (32-bit, 64-bit)", Downloaded from the Internet, Connects to URLs/IPs,," HTML,  HTM",, 24 Jul 2013, 26 Jul 2013
TSPY_BANKER.VIX,"Windows 2000, Windows Server 2003, Windows XP (32-bit, 64-bit), Windows Vista (32-bit, 64-bit), Windows 7 (32-bit, 64-bit)"," Downloaded from the Internet, Dropped by other malware"," Connects to URLs/IPs, Downloads files",True, EXE,2563584.0, 02 Aug 2013, 02 Aug 2013
TSPY_FAREIT.AFM,"Windows 2000, Windows Server 2003, Windows XP (32-bit, 64-bit), Windows Vista (32-bit, 64-bit), Windows 7 (32-bit, 64-bit)"," Downloaded from the Internet, Dropped by other malware"," Steals information, Connects to URLs/IPs, Downloads files",False, EXE,120832.0, 30 Jul 2013, 30 Jul 2013
TSPY_ZBOT.ADD,"Windows 2000, Windows XP (32-bit and 64-bit), Windows Server 2003, Windows Vista (32-bit and 64-bit), Windows 7 (32-bit and 64-bit)", Downloaded from the Internet," Connects to URLs/IPs, Downloads files, Steals information",True, EXE,, 16 Aug 2013, 17 Aug 2013
TSPY_ONLINEG.OMU,"Windows 2000, Windows Server 2003, Windows XP (32-bit, 64-bit), Windows Vista (32-bit, 64-bit), Windows 7 (32-bit, 64-bit)"," Downloaded from the Internet, Dropped by other malware"," Terminates processes, Downloads files, Drops files",True, EXE,86016.0, 25 Jul 2013, 28 Jul 2013
TSPY_ZBOT.VZA,"Windows 2000, Windows XP (32-bit and 64-bit), Windows Server 2003, Windows Vista (32-bit and 64-bit), Windows 7 (32-bit and 64-bit)", Downloaded from the Internet," Connects to URLs/IPs, Downloads files, Steals information",True, EXE,438272.0, 08 Nov 2013,Unknown
TSPY_FAREIT.ACU ,"Windows 2000, Windows Server 2003, Windows XP (32-bit, 64-bit), Windows Vista (32-bit, 64-bit), Windows 7 (32-bit, 64-bit)"," Downloaded from the Internet, Dropped by other malware", Downloads files,False, EXE,245760.0, 27 Jun 2013, 27 Jun 2013
PERL_EXPLOYT.PLK,Linux, Downloaded from the Internet, Compromises system security,False," , Script",3585.0, 06 Jun 2013, 06 Jun 2013
ANDROIDOS_ONECLICKFRAUD.A,Android OS, Via app stores, Click Fraud,True,Unknown,275224.0, 13 Jun 2013,Unknown
BKDR_POISON.BTA,"Windows 2000, Windows Server 2003, Windows XP (32-bit, 64-bit), Windows Vista (32-bit, 64-bit), Windows 7 (32-bit, 64-bit)",Unknown," Connects to URLs/IPs, Steals information, Collects system information, Logs keystrokes",True, DLL,61440.0, 06 Jun 2013, 11 Jun 2013
ELF_MANUST.A,Linux, Downloaded from the Internet," Connects to URLs/IPs, Compromises system security",True, ELF,, 31 May 2013, 31 May 2013
TROJ_DIDKR.A,"Windows 2000, Windows Server 2003, Windows XP (32-bit, 64-bit), Windows Vista (32-bit, 64-bit), Windows 7 (32-bit, 64-bit)", Downloaded from the Internet," Downloads files, Drops files",True, EXE,18785561.0, 25 Jun 2013, 26 Jun 2013
ANDROIDOS_OBAD.A,Android OS,Unknown," Compromises system security, Steals information",True, DEX,243828.0, 30 May 2013,Unknown
TSPY_DELPBANK.EB,"Windows 2000, Windows Server 2003, Windows XP (32-bit, 64-bit), Windows Vista (32-bit, 64-bit), Windows 7 (32-bit, 64-bit)", Spammed via email," Displays graphics/image, Connects to URLs/IPs",True, EXE,1312768.0, 23 May 2013, 24 May 2013
WORM_PIZZER.SM ,"Windows 2000, Windows Server 2003, Windows XP (32-bit, 64-bit), Windows Vista (32-bit, 64-bit), Windows 7 (32-bit, 64-bit)", Copies itself in archived files, Downloads files,False, EXE,174592.0, 24 May 2013, 25 May 2013
TROJ_DIDKR.C,"Windows 2000, Windows Server 2003, Windows XP (32-bit, 64-bit), Windows Vista (32-bit, 64-bit), Windows 7 (32-bit, 64-bit)", Downloaded from the Internet," Connects to URLs/IPs, Drops files",True," EXE, DLL",, 26 Jun 2013, 28 Jun 2013
WORM_KELIHOS.NB,"Windows 2000, Windows Server 2003, Windows XP (32-bit, 64-bit), Windows Vista (32-bit, 64-bit), Windows 7 (32-bit, 64-bit)", Propagates via removable drives," Compromises system security, Connects to URLs/IPs, Sends messages",True, EXE,815616.0, 17 Apr 2013, 18 Apr 2013
TROJ_NAIKON.A,"Windows 2000, Windows Server 2003, Windows XP (32-bit, 64-bit), Windows Vista (32-bit, 64-bit), Windows 7 (32-bit, 64-bit)", Dropped by other malware," Connects to URLs/IPs, Compromises system security, Downloads files, Drops files",True, EXE,56320.0, 19 Apr 2013, 20 Apr 2013
BKDR_VERNOT.B,"Windows 2000, Windows Server 2003, Windows XP (32-bit, 64-bit), Windows Vista (32-bit, 64-bit), Windows 7 (32-bit, 64-bit)"," Downloaded from the Internet, Dropped by other malware"," Collects system information, , Compromises system security",False, EXE,180224.0, 10 Apr 2013, 11 Apr 2013
BKDR_CRIDEX.CHX,"Windows 2000, Windows Server 2003, Windows XP (32-bit, 64-bit), Windows Vista (32-bit, 64-bit), Windows 7 (32-bit, 64-bit)"," Dropped by other malware, Downloaded from the Internet, Spammed via email"," Compromises system security, Connects to URLs/IPs, Steals information",True, EXE,, 18 Apr 2013, 19 Apr 2013
BKDR_POISON.MEA,"Windows 2000, Windows Server 2003, Windows XP (32-bit, 64-bit), Windows Vista (32-bit, 64-bit), Windows 7 (32-bit, 64-bit)"," Spammed via email, Dropped by other malware"," Collects system information, Connects to URLs/IPs, Logs keystrokes",True, EXE,102400.0, 01 May 2013, 02 May 2013
JAVA_EXPLOIT.BB,"Windows 2000, Windows Server 2003, Windows XP (32-bit, 64-bit), Windows Vista (32-bit, 64-bit), Windows 7 (32-bit, 64-bit)", Downloaded from the Internet, Downloads files,, JAR,13692.0, 17 Apr 2013, 18 Apr 2013
JS_EXPLOIT.MEA,"Windows 2000, Windows Server 2003, Windows XP (32-bit, 64-bit), Windows Vista (32-bit, 64-bit), Windows 7 (32-bit, 64-bit)", Downloaded from the Internet," Connects to URLs/IPs, Downloads files",, Script,12006.0, 02 May 2013, 03 May 2013
TROJ_PIDIEF.SMXY,"Windows 2000, Windows Server 2003, Windows XP (32-bit, 64-bit), Windows Vista (32-bit, 64-bit), Windows 7 (32-bit, 64-bit)", Via email, Downloads files,True, PDF,, 13 Feb 2013, 14 Feb 2013
WORM_LUDER.USR,"Windows 2000, Windows Server 2003, Windows XP (32-bit, 64-bit), Windows Vista (32-bit, 64-bit), Windows 7 (32-bit, 64-bit)"," Downloaded from the Internet, Dropped by other malware, Propagates via flashdrives"," Drops files, Steals information",True, EXE,323912.0, 06 May 2013, 07 May 2013
BKDR_LIFTOH.DLF,"Windows 2000, Windows Server 2003, Windows XP (32-bit, 64-bit), Windows Vista (32-bit, 64-bit), Windows 7 (32-bit, 64-bit)"," Downloaded from the Internet, Dropped by other malware"," Connects to URLs/IPs, Compromises system security",True, EXE,317952.0, 29 Apr 2013, 30 Apr 2013
TSPY_MINOCDO.A,"Windows 2000, Windows Server 2003, Windows XP (32-bit, 64-bit), Windows Vista (32-bit, 64-bit), Windows 7 (32-bit, 64-bit)"," Dropped by other malware, Downloaded from the Internet"," Steals information, Connects to URLs/IPs, Drops files",True, EXE,1119232.0, 12 Mar 2013, 30 Mar 2013
TSPY_TEPFER.UYG,"Windows 2000, Windows Server 2003, Windows XP (32-bit, 64-bit), Windows Vista (32-bit, 64-bit), Windows 7 (32-bit, 64-bit)"," Downloaded from the Internet, Dropped by other malware", Downloads files,False, EXE,135680.0, 14 Mar 2013, 16 Mar 2013
TROJ_KILLMBR.DS,"Windows 2000, Windows Server 2003, Windows XP (32-bit, 64-bit), Windows Vista (32-bit, 64-bit), Windows 7 (32-bit, 64-bit)", Downloaded from the Internet," Others, Displays graphics/image",True, EXE,, 23 Mar 2013, 24 Mar 2013
TROJ_DLDR.HB,"Windows 2000, Windows Server 2003, Windows XP (32-bit, 64-bit), Windows Vista (32-bit, 64-bit), Windows 7 (32-bit, 64-bit)"," Downloaded from the Internet, Spammed via email", Downloads files,False, EXE,212992.0, 20 Mar 2013, 21 Mar 2013
BKDR_MDMBOT.A,"Windows 2000, Windows Server 2003, Windows XP (32-bit, 64-bit), Windows Vista (32-bit, 64-bit), Windows 7 (32-bit, 64-bit)"," Dropped by other malware, Downloaded from the Internet"," Compromises system security, Collects system information",True, EXE,73728.0, 01 Mar 2013, 01 Mar 2013
BKDR_GODIN.A,"Windows 2000, Windows Server 2003, Windows XP (32-bit, 64-bit), Windows Vista (32-bit, 64-bit), Windows 7 (32-bit, 64-bit)", Spammed via email," Compromises system security, Drops files, Collects system information, Connects to URLs/IPs",False, EXE,, 14 Mar 2013, 15 Mar 2013
TSPY_MNIA.SMUS10,"Windows 2000, Windows Server 2003, Windows XP (32-bit, 64-bit), Windows Vista (32-bit, 64-bit), Windows 7 (32-bit, 64-bit)"," Downloaded from the Internet, Dropped by other malware"," Connects to URLs/IPs, Steals information",False, EXE,, 29 Jul 2011, 29 Jul 2011
JAVA_EXPLOIT.XE,"Windows 2000, Windows Server 2003, Windows XP (32-bit, 64-bit), Windows Vista (32-bit, 64-bit), Windows 7 (32-bit, 64-bit)"," Dropped by other malware, Downloaded from the Internet", Drops files,, Java Class,7391.0, 09 Mar 2013, 09 Mar 2013
TROJ_KILLMBR.SM,"Windows 2000, Windows Server 2003, Windows XP (32-bit, 64-bit), Windows Vista (32-bit, 64-bit), Windows 7 (32-bit, 64-bit)", Downloaded from the Internet," Others, Displays graphics/image",True, EXE,, 20 Mar 2013, 21 Mar 2013
BKDR_VERNOT.A,"Windows 2000, Windows Server 2003, Windows XP (32-bit, 64-bit), Windows Vista (32-bit, 64-bit), Windows 7 (32-bit, 64-bit)"," Downloaded from the Internet, Dropped by other malware"," Collects system information, Connects to URLs/IPs",True, DLL,118784.0, 15 Mar 2013, 28 Mar 2013
